Date,price,zone
4/1/2016 12:00:00 AM,17.71578,PGAE
4/1/2016 12:00:00 AM,17.56216,SCE
4/1/2016 12:00:00 AM,17.92237,SDGE
4/1/2016 12:00:00 AM,17.34320,VEA
4/1/2016 1:00:00 AM,16.23547,PGAE
4/1/2016 1:00:00 AM,16.16897,SCE
4/1/2016 1:00:00 AM,16.45281,SDGE
4/1/2016 1:00:00 AM,15.96299,VEA
4/1/2016 2:00:00 AM,15.54576,PGAE
4/1/2016 2:00:00 AM,15.47433,SCE
4/1/2016 2:00:00 AM,15.70724,SDGE
4/1/2016 2:00:00 AM,15.29577,VEA
4/1/2016 3:00:00 AM,17.24915,PGAE
4/1/2016 3:00:00 AM,17.25778,SCE
4/1/2016 3:00:00 AM,17.51000,SDGE
4/1/2016 3:00:00 AM,17.05221,VEA
4/1/2016 4:00:00 AM,18.57158,PGAE
4/1/2016 4:00:00 AM,18.51588,SCE
4/1/2016 4:00:00 AM,18.79623,SDGE
4/1/2016 4:00:00 AM,18.28938,VEA
4/1/2016 5:00:00 AM,25.09664,PGAE
4/1/2016 5:00:00 AM,24.96378,SCE
4/1/2016 5:00:00 AM,25.51780,SDGE
4/1/2016 5:00:00 AM,24.65543,VEA
4/1/2016 6:00:00 AM,29.53208,PGAE
4/1/2016 6:00:00 AM,29.26695,SCE
4/1/2016 6:00:00 AM,30.08000,SDGE
4/1/2016 6:00:00 AM,28.81329,VEA
4/1/2016 7:00:00 AM,31.03860,PGAE
4/1/2016 7:00:00 AM,30.58782,SCE
4/1/2016 7:00:00 AM,31.54804,SDGE
4/1/2016 7:00:00 AM,30.01046,VEA
4/1/2016 8:00:00 AM,22.46232,PGAE
4/1/2016 8:00:00 AM,21.94408,SCE
4/1/2016 8:00:00 AM,22.63581,SDGE
4/1/2016 8:00:00 AM,21.45475,VEA
4/1/2016 9:00:00 AM,18.37732,PGAE
4/1/2016 9:00:00 AM,17.77114,SCE
4/1/2016 9:00:00 AM,18.35742,SDGE
4/1/2016 9:00:00 AM,17.38390,VEA
4/1/2016 10:00:00 AM,17.99644,PGAE
4/1/2016 10:00:00 AM,17.41191,SCE
4/1/2016 10:00:00 AM,17.93975,SDGE
4/1/2016 10:00:00 AM,16.89114,VEA
4/1/2016 11:00:00 AM,18.02498,PGAE
4/1/2016 11:00:00 AM,17.47468,SCE
4/1/2016 11:00:00 AM,17.96285,SDGE
4/1/2016 11:00:00 AM,16.70781,VEA
4/1/2016 12:00:00 PM,17.98357,PGAE
4/1/2016 12:00:00 PM,17.49388,SCE
4/1/2016 12:00:00 PM,17.96760,SDGE
4/1/2016 12:00:00 PM,16.71145,VEA
4/1/2016 1:00:00 PM,16.45915,PGAE
4/1/2016 1:00:00 PM,15.94870,SCE
4/1/2016 1:00:00 PM,16.37327,SDGE
4/1/2016 1:00:00 PM,15.26000,VEA
4/1/2016 2:00:00 PM,16.50713,PGAE
4/1/2016 2:00:00 PM,16.08969,SCE
4/1/2016 2:00:00 PM,16.52833,SDGE
4/1/2016 2:00:00 PM,15.52874,VEA
4/1/2016 3:00:00 PM,16.58594,PGAE
4/1/2016 3:00:00 PM,16.02453,SCE
4/1/2016 3:00:00 PM,16.52229,SDGE
4/1/2016 3:00:00 PM,15.37500,VEA
4/1/2016 4:00:00 PM,17.99607,PGAE
4/1/2016 4:00:00 PM,17.51070,SCE
4/1/2016 4:00:00 PM,18.02807,SDGE
4/1/2016 4:00:00 PM,17.08578,VEA
4/1/2016 5:00:00 PM,20.11295,PGAE
4/1/2016 5:00:00 PM,19.74134,SCE
4/1/2016 5:00:00 PM,20.40664,SDGE
4/1/2016 5:00:00 PM,19.12798,VEA
4/1/2016 6:00:00 PM,26.24584,PGAE
4/1/2016 6:00:00 PM,26.07775,SCE
4/1/2016 6:00:00 PM,27.13094,SDGE
4/1/2016 6:00:00 PM,25.55246,VEA
4/1/2016 7:00:00 PM,32.15414,PGAE
4/1/2016 7:00:00 PM,32.05418,SCE
4/1/2016 7:00:00 PM,33.50855,SDGE
4/1/2016 7:00:00 PM,31.35440,VEA
4/1/2016 8:00:00 PM,33.67555,PGAE
4/1/2016 8:00:00 PM,33.67893,SCE
4/1/2016 8:00:00 PM,35.13324,SDGE
4/1/2016 8:00:00 PM,32.90443,VEA
4/1/2016 9:00:00 PM,29.06962,PGAE
4/1/2016 9:00:00 PM,29.15430,SCE
4/1/2016 9:00:00 PM,30.08864,SDGE
4/1/2016 9:00:00 PM,28.51194,VEA
4/1/2016 10:00:00 PM,26.89578,PGAE
4/1/2016 10:00:00 PM,27.06080,SCE
4/1/2016 10:00:00 PM,27.81828,SDGE
4/1/2016 10:00:00 PM,26.59550,VEA
4/1/2016 11:00:00 PM,22.03609,PGAE
4/1/2016 11:00:00 PM,22.23575,SCE
4/1/2016 11:00:00 PM,22.74600,SDGE
4/1/2016 11:00:00 PM,21.87192,VEA
4/2/2016 12:00:00 AM,20.90210,PGAE
4/2/2016 12:00:00 AM,20.79564,SCE
4/2/2016 12:00:00 AM,21.18808,SDGE
4/2/2016 12:00:00 AM,20.55975,VEA
4/2/2016 1:00:00 AM,19.69187,PGAE
4/2/2016 1:00:00 AM,19.63282,SCE
4/2/2016 1:00:00 AM,19.93398,SDGE
4/2/2016 1:00:00 AM,19.40842,VEA
4/2/2016 2:00:00 AM,18.21360,PGAE
4/2/2016 2:00:00 AM,18.14990,SCE
4/2/2016 2:00:00 AM,18.41381,SDGE
4/2/2016 2:00:00 AM,17.94787,VEA
4/2/2016 3:00:00 AM,19.65704,PGAE
4/2/2016 3:00:00 AM,19.55304,SCE
4/2/2016 3:00:00 AM,19.84543,SDGE
4/2/2016 3:00:00 AM,19.33325,VEA
4/2/2016 4:00:00 AM,20.83362,PGAE
4/2/2016 4:00:00 AM,20.83571,SCE
4/2/2016 4:00:00 AM,21.14245,SDGE
4/2/2016 4:00:00 AM,20.60409,VEA
4/2/2016 5:00:00 AM,22.31163,PGAE
4/2/2016 5:00:00 AM,22.19353,SCE
4/2/2016 5:00:00 AM,22.54337,SDGE
4/2/2016 5:00:00 AM,21.98631,VEA
4/2/2016 6:00:00 AM,23.50411,PGAE
4/2/2016 6:00:00 AM,23.31660,SCE
4/2/2016 6:00:00 AM,23.69865,SDGE
4/2/2016 6:00:00 AM,23.08222,VEA
4/2/2016 7:00:00 AM,18.35000,PGAE
4/2/2016 7:00:00 AM,18.17444,SCE
4/2/2016 7:00:00 AM,18.51825,SDGE
4/2/2016 7:00:00 AM,17.99156,VEA
4/2/2016 8:00:00 AM,18.49464,PGAE
4/2/2016 8:00:00 AM,17.97122,SCE
4/2/2016 8:00:00 AM,18.24296,SDGE
4/2/2016 8:00:00 AM,17.77426,VEA
4/2/2016 9:00:00 AM,15.78431,PGAE
4/2/2016 9:00:00 AM,7.79038,SCE
4/2/2016 9:00:00 AM,8.19198,SDGE
4/2/2016 9:00:00 AM,8.37361,VEA
4/2/2016 10:00:00 AM,16.70550,PGAE
4/2/2016 10:00:00 AM,9.63630,SCE
4/2/2016 10:00:00 AM,9.96734,SDGE
4/2/2016 10:00:00 AM,10.04879,VEA
4/2/2016 11:00:00 AM,8.53000,PGAE
4/2/2016 11:00:00 AM,8.09300,SCE
4/2/2016 11:00:00 AM,8.17653,SDGE
4/2/2016 11:00:00 AM,7.93885,VEA
4/2/2016 12:00:00 PM,10.54013,PGAE
4/2/2016 12:00:00 PM,10.06823,SCE
4/2/2016 12:00:00 PM,10.16899,SDGE
4/2/2016 12:00:00 PM,9.86672,VEA
4/2/2016 1:00:00 PM,15.64901,PGAE
4/2/2016 1:00:00 PM,5.34000,SCE
4/2/2016 1:00:00 PM,5.81174,SDGE
4/2/2016 1:00:00 PM,6.14108,VEA
4/2/2016 2:00:00 PM,17.75966,PGAE
4/2/2016 2:00:00 PM,4.76154,SCE
4/2/2016 2:00:00 PM,5.33175,SDGE
4/2/2016 2:00:00 PM,5.80508,VEA
4/2/2016 3:00:00 PM,17.59164,PGAE
4/2/2016 3:00:00 PM,4.36271,SCE
4/2/2016 3:00:00 PM,4.96046,SDGE
4/2/2016 3:00:00 PM,5.46992,VEA
4/2/2016 4:00:00 PM,26.65738,PGAE
4/2/2016 4:00:00 PM,3.98172,SCE
4/2/2016 4:00:00 PM,4.95345,SDGE
4/2/2016 4:00:00 PM,5.90850,VEA
4/2/2016 5:00:00 PM,22.82014,PGAE
4/2/2016 5:00:00 PM,11.36360,SCE
4/2/2016 5:00:00 PM,12.13343,SDGE
4/2/2016 5:00:00 PM,12.20020,VEA
4/2/2016 6:00:00 PM,26.53435,PGAE
4/2/2016 6:00:00 PM,25.96083,SCE
4/2/2016 6:00:00 PM,26.77112,SDGE
4/2/2016 6:00:00 PM,25.59778,VEA
4/2/2016 7:00:00 PM,34.46742,PGAE
4/2/2016 7:00:00 PM,34.24000,SCE
4/2/2016 7:00:00 PM,35.45978,SDGE
4/2/2016 7:00:00 PM,33.61977,VEA
4/2/2016 8:00:00 PM,35.82159,PGAE
4/2/2016 8:00:00 PM,35.82518,SCE
4/2/2016 8:00:00 PM,37.12994,SDGE
4/2/2016 8:00:00 PM,35.13147,VEA
4/2/2016 9:00:00 PM,28.00000,PGAE
4/2/2016 9:00:00 PM,28.33640,SCE
4/2/2016 9:00:00 PM,29.26926,SDGE
4/2/2016 9:00:00 PM,27.79364,VEA
4/2/2016 10:00:00 PM,26.54381,PGAE
4/2/2016 10:00:00 PM,26.91102,SCE
4/2/2016 10:00:00 PM,27.60792,SDGE
4/2/2016 10:00:00 PM,26.46608,VEA
4/2/2016 11:00:00 PM,22.01123,PGAE
4/2/2016 11:00:00 PM,22.53828,SCE
4/2/2016 11:00:00 PM,22.96707,SDGE
4/2/2016 11:00:00 PM,22.13852,VEA
4/3/2016 12:00:00 AM,23.74134,PGAE
4/3/2016 12:00:00 AM,23.57320,SCE
4/3/2016 12:00:00 AM,24.01842,SDGE
4/3/2016 12:00:00 AM,22.98351,VEA
4/3/2016 1:00:00 AM,21.32300,PGAE
4/3/2016 1:00:00 AM,21.11701,SCE
4/3/2016 1:00:00 AM,21.45678,SDGE
4/3/2016 1:00:00 AM,20.59885,VEA
4/3/2016 2:00:00 AM,18.89060,PGAE
4/3/2016 2:00:00 AM,18.69690,SCE
4/3/2016 2:00:00 AM,18.98087,SDGE
4/3/2016 2:00:00 AM,18.23991,VEA
4/3/2016 3:00:00 AM,19.03036,PGAE
4/3/2016 3:00:00 AM,18.83147,SCE
4/3/2016 3:00:00 AM,19.09855,SDGE
4/3/2016 3:00:00 AM,18.38446,VEA
4/3/2016 4:00:00 AM,21.57218,PGAE
4/3/2016 4:00:00 AM,21.35311,SCE
4/3/2016 4:00:00 AM,21.69031,SDGE
4/3/2016 4:00:00 AM,20.85053,VEA
4/3/2016 5:00:00 AM,24.03918,PGAE
4/3/2016 5:00:00 AM,23.82363,SCE
4/3/2016 5:00:00 AM,24.21402,SDGE
4/3/2016 5:00:00 AM,23.28714,VEA
4/3/2016 6:00:00 AM,21.55298,PGAE
4/3/2016 6:00:00 AM,21.40249,SCE
4/3/2016 6:00:00 AM,21.76583,SDGE
4/3/2016 6:00:00 AM,20.94455,VEA
4/3/2016 7:00:00 AM,18.76994,PGAE
4/3/2016 7:00:00 AM,18.58850,SCE
4/3/2016 7:00:00 AM,18.97007,SDGE
4/3/2016 7:00:00 AM,18.18261,VEA
4/3/2016 8:00:00 AM,12.35480,PGAE
4/3/2016 8:00:00 AM,11.85000,SCE
4/3/2016 8:00:00 AM,12.05458,SDGE
4/3/2016 8:00:00 AM,11.57642,VEA
4/3/2016 9:00:00 AM,9.71420,PGAE
4/3/2016 9:00:00 AM,7.48000,SCE
4/3/2016 9:00:00 AM,7.66349,SDGE
4/3/2016 9:00:00 AM,7.44926,VEA
4/3/2016 10:00:00 AM,13.18115,PGAE
4/3/2016 10:00:00 AM,3.71000,SCE
4/3/2016 10:00:00 AM,4.10849,SDGE
4/3/2016 10:00:00 AM,4.37604,VEA
4/3/2016 11:00:00 AM,10.84680,PGAE
4/3/2016 11:00:00 AM,1.29426,SCE
4/3/2016 11:00:00 AM,1.69304,SDGE
4/3/2016 11:00:00 AM,2.03677,VEA
4/3/2016 12:00:00 PM,8.52509,PGAE
4/3/2016 12:00:00 PM,2.81477,SCE
4/3/2016 12:00:00 PM,3.07575,SDGE
4/3/2016 12:00:00 PM,3.19685,VEA
4/3/2016 1:00:00 PM,9.79712,PGAE
4/3/2016 1:00:00 PM,1.09641,SCE
4/3/2016 1:00:00 PM,1.44839,SDGE
4/3/2016 1:00:00 PM,1.76305,VEA
4/3/2016 2:00:00 PM,8.28206,PGAE
4/3/2016 2:00:00 PM,2.40511,SCE
4/3/2016 2:00:00 PM,2.67448,SDGE
4/3/2016 2:00:00 PM,2.80773,VEA
4/3/2016 3:00:00 PM,13.00619,PGAE
4/3/2016 3:00:00 PM,8.02000,SCE
4/3/2016 3:00:00 PM,8.32967,SDGE
4/3/2016 3:00:00 PM,8.18863,VEA
4/3/2016 4:00:00 PM,17.40697,PGAE
4/3/2016 4:00:00 PM,16.81675,SCE
4/3/2016 4:00:00 PM,17.11101,SDGE
4/3/2016 4:00:00 PM,16.37025,VEA
4/3/2016 5:00:00 PM,21.97975,PGAE
4/3/2016 5:00:00 PM,21.50742,SCE
4/3/2016 5:00:00 PM,21.99934,SDGE
4/3/2016 5:00:00 PM,20.90449,VEA
4/3/2016 6:00:00 PM,27.18228,PGAE
4/3/2016 6:00:00 PM,27.04365,SCE
4/3/2016 6:00:00 PM,27.88901,SDGE
4/3/2016 6:00:00 PM,26.27711,VEA
4/3/2016 7:00:00 PM,34.23456,PGAE
4/3/2016 7:00:00 PM,34.54164,SCE
4/3/2016 7:00:00 PM,35.67681,SDGE
4/3/2016 7:00:00 PM,33.45478,VEA
4/3/2016 8:00:00 PM,36.28708,PGAE
4/3/2016 8:00:00 PM,36.68978,SCE
4/3/2016 8:00:00 PM,37.85761,SDGE
4/3/2016 8:00:00 PM,35.48533,VEA
4/3/2016 9:00:00 PM,29.83950,PGAE
4/3/2016 9:00:00 PM,30.01960,SCE
4/3/2016 9:00:00 PM,30.95612,SDGE
4/3/2016 9:00:00 PM,29.09209,VEA
4/3/2016 10:00:00 PM,25.37604,PGAE
4/3/2016 10:00:00 PM,25.51373,SCE
4/3/2016 10:00:00 PM,26.10274,SDGE
4/3/2016 10:00:00 PM,24.77937,VEA
4/3/2016 11:00:00 PM,19.54233,PGAE
4/3/2016 11:00:00 PM,19.47397,SCE
4/3/2016 11:00:00 PM,19.83529,SDGE
4/3/2016 11:00:00 PM,18.95446,VEA
4/4/2016 12:00:00 AM,13.05909,PGAE
4/4/2016 12:00:00 AM,13.23163,SCE
4/4/2016 12:00:00 AM,13.43710,SDGE
4/4/2016 12:00:00 AM,12.96689,VEA
4/4/2016 1:00:00 AM,15.34426,PGAE
4/4/2016 1:00:00 AM,15.48949,SCE
4/4/2016 1:00:00 AM,15.72277,SDGE
4/4/2016 1:00:00 AM,15.00592,VEA
4/4/2016 2:00:00 AM,14.91424,PGAE
4/4/2016 2:00:00 AM,14.98012,SCE
4/4/2016 2:00:00 AM,15.18524,SDGE
4/4/2016 2:00:00 AM,14.40068,VEA
4/4/2016 3:00:00 AM,16.21540,PGAE
4/4/2016 3:00:00 AM,16.24954,SCE
4/4/2016 3:00:00 AM,16.46087,SDGE
4/4/2016 3:00:00 AM,15.76023,VEA
4/4/2016 4:00:00 AM,17.94447,PGAE
4/4/2016 4:00:00 AM,17.94088,SCE
4/4/2016 4:00:00 AM,18.18342,SDGE
4/4/2016 4:00:00 AM,17.40010,VEA
4/4/2016 5:00:00 AM,22.80763,PGAE
4/4/2016 5:00:00 AM,22.94742,SCE
4/4/2016 5:00:00 AM,23.37364,SDGE
4/4/2016 5:00:00 AM,22.28975,VEA
4/4/2016 6:00:00 AM,29.23937,PGAE
4/4/2016 6:00:00 AM,29.07582,SCE
4/4/2016 6:00:00 AM,29.75044,SDGE
4/4/2016 6:00:00 AM,28.21722,VEA
4/4/2016 7:00:00 AM,31.75359,PGAE
4/4/2016 7:00:00 AM,30.97199,SCE
4/4/2016 7:00:00 AM,31.68453,SDGE
4/4/2016 7:00:00 AM,30.01148,VEA
4/4/2016 8:00:00 AM,22.61945,PGAE
4/4/2016 8:00:00 AM,21.58196,SCE
4/4/2016 8:00:00 AM,21.83802,SDGE
4/4/2016 8:00:00 AM,20.93298,VEA
4/4/2016 9:00:00 AM,18.32565,PGAE
4/4/2016 9:00:00 AM,17.49901,SCE
4/4/2016 9:00:00 AM,17.79960,SDGE
4/4/2016 9:00:00 AM,16.88708,VEA
4/4/2016 10:00:00 AM,17.36068,PGAE
4/4/2016 10:00:00 AM,16.56525,SCE
4/4/2016 10:00:00 AM,16.77003,SDGE
4/4/2016 10:00:00 AM,15.95937,VEA
4/4/2016 11:00:00 AM,15.74877,PGAE
4/4/2016 11:00:00 AM,15.03054,SCE
4/4/2016 11:00:00 AM,15.18708,SDGE
4/4/2016 11:00:00 AM,14.44123,VEA
4/4/2016 12:00:00 PM,15.49490,PGAE
4/4/2016 12:00:00 PM,14.86379,SCE
4/4/2016 12:00:00 PM,14.97730,SDGE
4/4/2016 12:00:00 PM,14.28110,VEA
4/4/2016 1:00:00 PM,15.14653,PGAE
4/4/2016 1:00:00 PM,14.41705,SCE
4/4/2016 1:00:00 PM,14.55705,SDGE
4/4/2016 1:00:00 PM,13.87621,VEA
4/4/2016 2:00:00 PM,15.76505,PGAE
4/4/2016 2:00:00 PM,14.99374,SCE
4/4/2016 2:00:00 PM,15.18235,SDGE
4/4/2016 2:00:00 PM,14.41871,VEA
4/4/2016 3:00:00 PM,16.74894,PGAE
4/4/2016 3:00:00 PM,15.79571,SCE
4/4/2016 3:00:00 PM,16.05067,SDGE
4/4/2016 3:00:00 PM,15.22247,VEA
4/4/2016 4:00:00 PM,19.04876,PGAE
4/4/2016 4:00:00 PM,18.09020,SCE
4/4/2016 4:00:00 PM,18.41652,SDGE
4/4/2016 4:00:00 PM,17.41346,VEA
4/4/2016 5:00:00 PM,22.77860,PGAE
4/4/2016 5:00:00 PM,24.87114,SCE
4/4/2016 5:00:00 PM,26.09666,SDGE
4/4/2016 5:00:00 PM,21.08283,VEA
4/4/2016 6:00:00 PM,28.54320,PGAE
4/4/2016 6:00:00 PM,28.02959,SCE
4/4/2016 6:00:00 PM,28.73447,SDGE
4/4/2016 6:00:00 PM,26.72208,VEA
4/4/2016 7:00:00 PM,35.32868,PGAE
4/4/2016 7:00:00 PM,37.31825,SCE
4/4/2016 7:00:00 PM,38.89477,SDGE
4/4/2016 7:00:00 PM,33.36221,VEA
4/4/2016 8:00:00 PM,35.74417,PGAE
4/4/2016 8:00:00 PM,34.87831,SCE
4/4/2016 8:00:00 PM,35.70176,SDGE
4/4/2016 8:00:00 PM,33.63076,VEA
4/4/2016 9:00:00 PM,28.12451,PGAE
4/4/2016 9:00:00 PM,27.61706,SCE
4/4/2016 9:00:00 PM,28.14124,SDGE
4/4/2016 9:00:00 PM,26.63004,VEA
4/4/2016 10:00:00 PM,24.74550,PGAE
4/4/2016 10:00:00 PM,24.36000,SCE
4/4/2016 10:00:00 PM,24.71358,SDGE
4/4/2016 10:00:00 PM,23.56936,VEA
4/4/2016 11:00:00 PM,19.04342,PGAE
4/4/2016 11:00:00 PM,18.71665,SCE
4/4/2016 11:00:00 PM,19.06231,SDGE
4/4/2016 11:00:00 PM,18.15755,VEA
4/5/2016 12:00:00 AM,14.88000,PGAE
4/5/2016 12:00:00 AM,14.43180,SCE
4/5/2016 12:00:00 AM,14.65944,SDGE
4/5/2016 12:00:00 AM,14.08304,VEA
4/5/2016 1:00:00 AM,13.49232,PGAE
4/5/2016 1:00:00 AM,12.95535,SCE
4/5/2016 1:00:00 AM,13.12343,SDGE
4/5/2016 1:00:00 AM,12.65727,VEA
4/5/2016 2:00:00 AM,12.59325,PGAE
4/5/2016 2:00:00 AM,12.00676,SCE
4/5/2016 2:00:00 AM,12.12903,SDGE
4/5/2016 2:00:00 AM,11.73411,VEA
4/5/2016 3:00:00 AM,13.14000,PGAE
4/5/2016 3:00:00 AM,12.59759,SCE
4/5/2016 3:00:00 AM,12.69479,SDGE
4/5/2016 3:00:00 AM,12.30727,VEA
4/5/2016 4:00:00 AM,16.59830,PGAE
4/5/2016 4:00:00 AM,16.05737,SCE
4/5/2016 4:00:00 AM,16.22311,SDGE
4/5/2016 4:00:00 AM,15.69501,VEA
4/5/2016 5:00:00 AM,22.65917,PGAE
4/5/2016 5:00:00 AM,22.25943,SCE
4/5/2016 5:00:00 AM,22.60302,SDGE
4/5/2016 5:00:00 AM,21.94279,VEA
4/5/2016 6:00:00 AM,29.00000,PGAE
4/5/2016 6:00:00 AM,28.61372,SCE
4/5/2016 6:00:00 AM,29.14414,SDGE
4/5/2016 6:00:00 AM,28.10924,VEA
4/5/2016 7:00:00 AM,31.48446,PGAE
4/5/2016 7:00:00 AM,30.72504,SCE
4/5/2016 7:00:00 AM,31.32884,SDGE
4/5/2016 7:00:00 AM,30.12747,VEA
4/5/2016 8:00:00 AM,22.62902,PGAE
4/5/2016 8:00:00 AM,21.73805,SCE
4/5/2016 8:00:00 AM,22.02839,SDGE
4/5/2016 8:00:00 AM,21.21277,VEA
4/5/2016 9:00:00 AM,18.11802,PGAE
4/5/2016 9:00:00 AM,17.35499,SCE
4/5/2016 9:00:00 AM,17.55504,SDGE
4/5/2016 9:00:00 AM,16.93010,VEA
4/5/2016 10:00:00 AM,18.21379,PGAE
4/5/2016 10:00:00 AM,17.40244,SCE
4/5/2016 10:00:00 AM,17.53382,SDGE
4/5/2016 10:00:00 AM,16.93728,VEA
4/5/2016 11:00:00 AM,18.26981,PGAE
4/5/2016 11:00:00 AM,17.60620,SCE
4/5/2016 11:00:00 AM,17.74572,SDGE
4/5/2016 11:00:00 AM,17.06959,VEA
4/5/2016 12:00:00 PM,18.51548,PGAE
4/5/2016 12:00:00 PM,17.78992,SCE
4/5/2016 12:00:00 PM,17.92200,SDGE
4/5/2016 12:00:00 PM,17.24891,VEA
4/5/2016 1:00:00 PM,18.34051,PGAE
4/5/2016 1:00:00 PM,17.61807,SCE
4/5/2016 1:00:00 PM,17.78479,SDGE
4/5/2016 1:00:00 PM,17.08745,VEA
4/5/2016 2:00:00 PM,19.27528,PGAE
4/5/2016 2:00:00 PM,18.58614,SCE
4/5/2016 2:00:00 PM,18.79571,SDGE
4/5/2016 2:00:00 PM,18.00461,VEA
4/5/2016 3:00:00 PM,22.04440,PGAE
4/5/2016 3:00:00 PM,21.17100,SCE
4/5/2016 3:00:00 PM,21.46429,SDGE
4/5/2016 3:00:00 PM,20.55206,VEA
4/5/2016 4:00:00 PM,23.16312,PGAE
4/5/2016 4:00:00 PM,22.34958,SCE
4/5/2016 4:00:00 PM,22.73136,SDGE
4/5/2016 4:00:00 PM,21.67467,VEA
4/5/2016 5:00:00 PM,26.50381,PGAE
4/5/2016 5:00:00 PM,25.78240,SCE
4/5/2016 5:00:00 PM,26.30777,SDGE
4/5/2016 5:00:00 PM,25.06361,VEA
4/5/2016 6:00:00 PM,32.24450,PGAE
4/5/2016 6:00:00 PM,32.01271,SCE
4/5/2016 6:00:00 PM,32.84007,SDGE
4/5/2016 6:00:00 PM,31.08555,VEA
4/5/2016 7:00:00 PM,42.01279,PGAE
4/5/2016 7:00:00 PM,42.20710,SCE
4/5/2016 7:00:00 PM,43.45743,SDGE
4/5/2016 7:00:00 PM,40.89763,VEA
4/5/2016 8:00:00 PM,43.50000,PGAE
4/5/2016 8:00:00 PM,43.46947,SCE
4/5/2016 8:00:00 PM,44.76466,SDGE
4/5/2016 8:00:00 PM,42.20045,VEA
4/5/2016 9:00:00 PM,30.09812,PGAE
4/5/2016 9:00:00 PM,30.18273,SCE
4/5/2016 9:00:00 PM,30.97447,SDGE
4/5/2016 9:00:00 PM,29.37286,VEA
4/5/2016 10:00:00 PM,25.63575,PGAE
4/5/2016 10:00:00 PM,25.74899,SCE
4/5/2016 10:00:00 PM,26.25857,SDGE
4/5/2016 10:00:00 PM,24.89713,VEA
4/5/2016 11:00:00 PM,21.97924,PGAE
4/5/2016 11:00:00 PM,21.97704,SCE
4/5/2016 11:00:00 PM,22.51414,SDGE
4/5/2016 11:00:00 PM,21.31447,VEA
4/6/2016 12:00:00 AM,19.54646,PGAE
4/6/2016 12:00:00 AM,19.61117,SCE
4/6/2016 12:00:00 AM,20.05625,SDGE
4/6/2016 12:00:00 AM,18.23670,VEA
4/6/2016 1:00:00 AM,18.04879,PGAE
4/6/2016 1:00:00 AM,18.06868,SCE
4/6/2016 1:00:00 AM,18.44116,SDGE
4/6/2016 1:00:00 AM,17.37798,VEA
4/6/2016 2:00:00 AM,17.49364,PGAE
4/6/2016 2:00:00 AM,17.51116,SCE
4/6/2016 2:00:00 AM,17.83881,SDGE
4/6/2016 2:00:00 AM,17.02055,VEA
4/6/2016 3:00:00 AM,17.46015,PGAE
4/6/2016 3:00:00 AM,17.51793,SCE
4/6/2016 3:00:00 AM,17.83659,SDGE
4/6/2016 3:00:00 AM,17.02417,VEA
4/6/2016 4:00:00 AM,18.61137,PGAE
4/6/2016 4:00:00 AM,18.67671,SCE
4/6/2016 4:00:00 AM,19.05196,SDGE
4/6/2016 4:00:00 AM,18.18011,VEA
4/6/2016 5:00:00 AM,23.45705,PGAE
4/6/2016 5:00:00 AM,23.67190,SCE
4/6/2016 5:00:00 AM,24.22675,SDGE
4/6/2016 5:00:00 AM,22.70623,VEA
4/6/2016 6:00:00 AM,27.64452,PGAE
4/6/2016 6:00:00 AM,27.70554,SCE
4/6/2016 6:00:00 AM,28.54880,SDGE
4/6/2016 6:00:00 AM,26.54051,VEA
4/6/2016 7:00:00 AM,27.23510,PGAE
4/6/2016 7:00:00 AM,26.73015,SCE
4/6/2016 7:00:00 AM,27.26751,SDGE
4/6/2016 7:00:00 AM,25.57713,VEA
4/6/2016 8:00:00 AM,21.26000,PGAE
4/6/2016 8:00:00 AM,16.00917,SCE
4/6/2016 8:00:00 AM,16.42931,SDGE
4/6/2016 8:00:00 AM,15.72480,VEA
4/6/2016 9:00:00 AM,19.91731,PGAE
4/6/2016 9:00:00 AM,1.77314,SCE
4/6/2016 9:00:00 AM,2.45627,SDGE
4/6/2016 9:00:00 AM,3.02620,VEA
4/6/2016 10:00:00 AM,21.23766,PGAE
4/6/2016 10:00:00 AM,5.14000,SCE
4/6/2016 10:00:00 AM,5.77406,SDGE
4/6/2016 10:00:00 AM,5.97007,VEA
4/6/2016 11:00:00 AM,23.67966,PGAE
4/6/2016 11:00:00 AM,5.56305,SCE
4/6/2016 11:00:00 AM,6.23909,SDGE
4/6/2016 11:00:00 AM,6.49253,VEA
4/6/2016 12:00:00 PM,24.03158,PGAE
4/6/2016 12:00:00 PM,6.82000,SCE
4/6/2016 12:00:00 PM,7.49019,SDGE
4/6/2016 12:00:00 PM,7.61297,VEA
4/6/2016 1:00:00 PM,27.39778,PGAE
4/6/2016 1:00:00 PM,8.38147,SCE
4/6/2016 1:00:00 PM,9.19741,SDGE
4/6/2016 1:00:00 PM,9.17895,VEA
4/6/2016 2:00:00 PM,28.71671,PGAE
4/6/2016 2:00:00 PM,12.02000,SCE
4/6/2016 2:00:00 PM,12.80041,SDGE
4/6/2016 2:00:00 PM,12.41006,VEA
4/6/2016 3:00:00 PM,31.07275,PGAE
4/6/2016 3:00:00 PM,17.68591,SCE
4/6/2016 3:00:00 PM,18.43167,SDGE
4/6/2016 3:00:00 PM,17.27864,VEA
4/6/2016 4:00:00 PM,32.62792,PGAE
4/6/2016 4:00:00 PM,24.80867,SCE
4/6/2016 4:00:00 PM,27.02260,SDGE
4/6/2016 4:00:00 PM,18.81065,VEA
4/6/2016 5:00:00 PM,33.68040,PGAE
4/6/2016 5:00:00 PM,31.40093,SCE
4/6/2016 5:00:00 PM,32.23354,SDGE
4/6/2016 5:00:00 PM,29.60578,VEA
4/6/2016 6:00:00 PM,40.71715,PGAE
4/6/2016 6:00:00 PM,40.05383,SCE
4/6/2016 6:00:00 PM,41.04881,SDGE
4/6/2016 6:00:00 PM,37.72009,VEA
4/6/2016 7:00:00 PM,49.02028,PGAE
4/6/2016 7:00:00 PM,49.08026,SCE
4/6/2016 7:00:00 PM,51.75000,SDGE
4/6/2016 7:00:00 PM,45.43656,VEA
4/6/2016 8:00:00 PM,50.83687,PGAE
4/6/2016 8:00:00 PM,50.17429,SCE
4/6/2016 8:00:00 PM,51.28992,SDGE
4/6/2016 8:00:00 PM,46.27085,VEA
4/6/2016 9:00:00 PM,34.28092,PGAE
4/6/2016 9:00:00 PM,33.92240,SCE
4/6/2016 9:00:00 PM,34.68040,SDGE
4/6/2016 9:00:00 PM,32.52931,VEA
4/6/2016 10:00:00 PM,27.46622,PGAE
4/6/2016 10:00:00 PM,27.33189,SCE
4/6/2016 10:00:00 PM,27.78148,SDGE
4/6/2016 10:00:00 PM,26.29838,VEA
4/6/2016 11:00:00 PM,22.17766,PGAE
4/6/2016 11:00:00 PM,21.91324,SCE
4/6/2016 11:00:00 PM,22.15342,SDGE
4/6/2016 11:00:00 PM,21.13543,VEA
4/7/2016 12:00:00 AM,19.82104,PGAE
4/7/2016 12:00:00 AM,19.49308,SCE
4/7/2016 12:00:00 AM,19.63055,SDGE
4/7/2016 12:00:00 AM,19.08460,VEA
4/7/2016 1:00:00 AM,18.99891,PGAE
4/7/2016 1:00:00 AM,18.66411,SCE
4/7/2016 1:00:00 AM,18.76380,SDGE
4/7/2016 1:00:00 AM,18.30486,VEA
4/7/2016 2:00:00 AM,17.73964,PGAE
4/7/2016 2:00:00 AM,17.49150,SCE
4/7/2016 2:00:00 AM,17.58125,SDGE
4/7/2016 2:00:00 AM,17.16944,VEA
4/7/2016 3:00:00 AM,17.37227,PGAE
4/7/2016 3:00:00 AM,17.16012,SCE
4/7/2016 3:00:00 AM,17.24118,SDGE
4/7/2016 3:00:00 AM,16.85310,VEA
4/7/2016 4:00:00 AM,17.82080,PGAE
4/7/2016 4:00:00 AM,17.71071,SCE
4/7/2016 4:00:00 AM,17.82612,SDGE
4/7/2016 4:00:00 AM,17.37159,VEA
4/7/2016 5:00:00 AM,20.60081,PGAE
4/7/2016 5:00:00 AM,20.46124,SCE
4/7/2016 5:00:00 AM,20.66443,SDGE
4/7/2016 5:00:00 AM,20.03022,VEA
4/7/2016 6:00:00 AM,25.90449,PGAE
4/7/2016 6:00:00 AM,25.78044,SCE
4/7/2016 6:00:00 AM,26.14999,SDGE
4/7/2016 6:00:00 AM,25.21708,VEA
4/7/2016 7:00:00 AM,27.17000,PGAE
4/7/2016 7:00:00 AM,27.00202,SCE
4/7/2016 7:00:00 AM,27.47345,SDGE
4/7/2016 7:00:00 AM,26.19732,VEA
4/7/2016 8:00:00 AM,22.48980,PGAE
4/7/2016 8:00:00 AM,22.11066,SCE
4/7/2016 8:00:00 AM,22.55002,SDGE
4/7/2016 8:00:00 AM,21.45497,VEA
4/7/2016 9:00:00 AM,19.26944,PGAE
4/7/2016 9:00:00 AM,18.81073,SCE
4/7/2016 9:00:00 AM,19.15143,SDGE
4/7/2016 9:00:00 AM,18.25496,VEA
4/7/2016 10:00:00 AM,19.92348,PGAE
4/7/2016 10:00:00 AM,17.98185,SCE
4/7/2016 10:00:00 AM,18.32635,SDGE
4/7/2016 10:00:00 AM,17.51575,VEA
4/7/2016 11:00:00 AM,20.54433,PGAE
4/7/2016 11:00:00 AM,18.82662,SCE
4/7/2016 11:00:00 AM,19.17837,SDGE
4/7/2016 11:00:00 AM,18.32344,VEA
4/7/2016 12:00:00 PM,21.03973,PGAE
4/7/2016 12:00:00 PM,20.47972,SCE
4/7/2016 12:00:00 PM,20.81572,SDGE
4/7/2016 12:00:00 PM,19.82430,VEA
4/7/2016 1:00:00 PM,21.41486,PGAE
4/7/2016 1:00:00 PM,20.73262,SCE
4/7/2016 1:00:00 PM,21.11375,SDGE
4/7/2016 1:00:00 PM,20.08617,VEA
4/7/2016 2:00:00 PM,22.94324,PGAE
4/7/2016 2:00:00 PM,22.32120,SCE
4/7/2016 2:00:00 PM,22.74193,SDGE
4/7/2016 2:00:00 PM,21.60415,VEA
4/7/2016 3:00:00 PM,23.67282,PGAE
4/7/2016 3:00:00 PM,22.16439,SCE
4/7/2016 3:00:00 PM,22.65168,SDGE
4/7/2016 3:00:00 PM,21.54688,VEA
4/7/2016 4:00:00 PM,25.13916,PGAE
4/7/2016 4:00:00 PM,23.80000,SCE
4/7/2016 4:00:00 PM,24.35885,SDGE
4/7/2016 4:00:00 PM,23.13906,VEA
4/7/2016 5:00:00 PM,27.20644,PGAE
4/7/2016 5:00:00 PM,26.70682,SCE
4/7/2016 5:00:00 PM,27.35227,SDGE
4/7/2016 5:00:00 PM,25.91012,VEA
4/7/2016 6:00:00 PM,31.18070,PGAE
4/7/2016 6:00:00 PM,30.92245,SCE
4/7/2016 6:00:00 PM,31.68477,SDGE
4/7/2016 6:00:00 PM,29.98587,VEA
4/7/2016 7:00:00 PM,37.77036,PGAE
4/7/2016 7:00:00 PM,37.88799,SCE
4/7/2016 7:00:00 PM,39.43022,SDGE
4/7/2016 7:00:00 PM,36.62822,VEA
4/7/2016 8:00:00 PM,42.41711,PGAE
4/7/2016 8:00:00 PM,42.27279,SCE
4/7/2016 8:00:00 PM,43.40187,SDGE
4/7/2016 8:00:00 PM,40.92298,VEA
4/7/2016 9:00:00 PM,30.74483,PGAE
4/7/2016 9:00:00 PM,30.83741,SCE
4/7/2016 9:00:00 PM,31.51631,SDGE
4/7/2016 9:00:00 PM,29.87461,VEA
4/7/2016 10:00:00 PM,26.32648,PGAE
4/7/2016 10:00:00 PM,26.36603,SCE
4/7/2016 10:00:00 PM,26.81962,SDGE
4/7/2016 10:00:00 PM,25.71994,VEA
4/7/2016 11:00:00 PM,22.86370,PGAE
4/7/2016 11:00:00 PM,22.74512,SCE
4/7/2016 11:00:00 PM,23.02562,SDGE
4/7/2016 11:00:00 PM,22.27535,VEA
4/8/2016 12:00:00 AM,22.04183,PGAE
4/8/2016 12:00:00 AM,21.99339,SCE
4/8/2016 12:00:00 AM,22.20917,SDGE
4/8/2016 12:00:00 AM,20.89912,VEA
4/8/2016 1:00:00 AM,20.55811,PGAE
4/8/2016 1:00:00 AM,20.52729,SCE
4/8/2016 1:00:00 AM,20.68549,SDGE
4/8/2016 1:00:00 AM,19.93763,VEA
4/8/2016 2:00:00 AM,19.54234,PGAE
4/8/2016 2:00:00 AM,19.29971,SCE
4/8/2016 2:00:00 AM,19.42781,SDGE
4/8/2016 2:00:00 AM,18.71351,VEA
4/8/2016 3:00:00 AM,19.04676,PGAE
4/8/2016 3:00:00 AM,18.81977,SCE
4/8/2016 3:00:00 AM,18.87651,SDGE
4/8/2016 3:00:00 AM,18.26174,VEA
4/8/2016 4:00:00 AM,20.35077,PGAE
4/8/2016 4:00:00 AM,20.24728,SCE
4/8/2016 4:00:00 AM,20.34469,SDGE
4/8/2016 4:00:00 AM,19.64867,VEA
4/8/2016 5:00:00 AM,24.25515,PGAE
4/8/2016 5:00:00 AM,24.26000,SCE
4/8/2016 5:00:00 AM,24.41040,SDGE
4/8/2016 5:00:00 AM,23.54925,VEA
4/8/2016 6:00:00 AM,26.66116,PGAE
4/8/2016 6:00:00 AM,26.64782,SCE
4/8/2016 6:00:00 AM,26.93579,SDGE
4/8/2016 6:00:00 AM,25.79991,VEA
4/8/2016 7:00:00 AM,28.58698,PGAE
4/8/2016 7:00:00 AM,28.35061,SCE
4/8/2016 7:00:00 AM,28.74646,SDGE
4/8/2016 7:00:00 AM,27.37379,VEA
4/8/2016 8:00:00 AM,24.60236,PGAE
4/8/2016 8:00:00 AM,22.65347,SCE
4/8/2016 8:00:00 AM,23.10856,SDGE
4/8/2016 8:00:00 AM,21.92665,VEA
4/8/2016 9:00:00 AM,24.63843,PGAE
4/8/2016 9:00:00 AM,20.08134,SCE
4/8/2016 9:00:00 AM,20.68866,SDGE
4/8/2016 9:00:00 AM,19.59441,VEA
4/8/2016 10:00:00 AM,24.89985,PGAE
4/8/2016 10:00:00 AM,16.58432,SCE
4/8/2016 10:00:00 AM,17.26943,SDGE
4/8/2016 10:00:00 AM,16.43548,VEA
4/8/2016 11:00:00 AM,24.23684,PGAE
4/8/2016 11:00:00 AM,17.51088,SCE
4/8/2016 11:00:00 AM,18.12338,SDGE
4/8/2016 11:00:00 AM,17.21009,VEA
4/8/2016 12:00:00 PM,20.95553,PGAE
4/8/2016 12:00:00 PM,18.58764,SCE
4/8/2016 12:00:00 PM,19.06182,SDGE
4/8/2016 12:00:00 PM,17.97559,VEA
4/8/2016 1:00:00 PM,20.68663,PGAE
4/8/2016 1:00:00 PM,16.31490,SCE
4/8/2016 1:00:00 PM,16.82299,SDGE
4/8/2016 1:00:00 PM,15.94816,VEA
4/8/2016 2:00:00 PM,20.74307,PGAE
4/8/2016 2:00:00 PM,17.32716,SCE
4/8/2016 2:00:00 PM,17.81986,SDGE
4/8/2016 2:00:00 PM,16.85519,VEA
4/8/2016 3:00:00 PM,23.08358,PGAE
4/8/2016 3:00:00 PM,20.00964,SCE
4/8/2016 3:00:00 PM,20.72126,SDGE
4/8/2016 3:00:00 PM,19.45913,VEA
4/8/2016 4:00:00 PM,21.20097,PGAE
4/8/2016 4:00:00 PM,16.44327,SCE
4/8/2016 4:00:00 PM,16.95441,SDGE
4/8/2016 4:00:00 PM,16.11914,VEA
4/8/2016 5:00:00 PM,21.65973,PGAE
4/8/2016 5:00:00 PM,20.01055,SCE
4/8/2016 5:00:00 PM,20.41302,SDGE
4/8/2016 5:00:00 PM,19.13635,VEA
4/8/2016 6:00:00 PM,26.54562,PGAE
4/8/2016 6:00:00 PM,25.95957,SCE
4/8/2016 6:00:00 PM,26.45101,SDGE
4/8/2016 6:00:00 PM,24.79536,VEA
4/8/2016 7:00:00 PM,32.13294,PGAE
4/8/2016 7:00:00 PM,31.87000,SCE
4/8/2016 7:00:00 PM,32.64599,SDGE
4/8/2016 7:00:00 PM,30.76374,VEA
4/8/2016 8:00:00 PM,34.88958,PGAE
4/8/2016 8:00:00 PM,34.34172,SCE
4/8/2016 8:00:00 PM,35.66683,SDGE
4/8/2016 8:00:00 PM,33.20439,VEA
4/8/2016 9:00:00 PM,28.03050,PGAE
4/8/2016 9:00:00 PM,28.10081,SCE
4/8/2016 9:00:00 PM,28.66609,SDGE
4/8/2016 9:00:00 PM,27.14181,VEA
4/8/2016 10:00:00 PM,25.61869,PGAE
4/8/2016 10:00:00 PM,25.71636,SCE
4/8/2016 10:00:00 PM,26.16360,SDGE
4/8/2016 10:00:00 PM,24.89642,VEA
4/8/2016 11:00:00 PM,22.64577,PGAE
4/8/2016 11:00:00 PM,22.74347,SCE
4/8/2016 11:00:00 PM,23.12518,SDGE
4/8/2016 11:00:00 PM,22.05276,VEA
4/9/2016 12:00:00 AM,21.80612,PGAE
4/9/2016 12:00:00 AM,21.79957,SCE
4/9/2016 12:00:00 AM,22.24473,SDGE
4/9/2016 12:00:00 AM,21.13402,VEA
4/9/2016 1:00:00 AM,20.95334,PGAE
4/9/2016 1:00:00 AM,20.92929,SCE
4/9/2016 1:00:00 AM,21.27672,SDGE
4/9/2016 1:00:00 AM,20.50652,VEA
4/9/2016 2:00:00 AM,20.38645,PGAE
4/9/2016 2:00:00 AM,20.29489,SCE
4/9/2016 2:00:00 AM,20.60821,SDGE
4/9/2016 2:00:00 AM,19.91239,VEA
4/9/2016 3:00:00 AM,20.43836,PGAE
4/9/2016 3:00:00 AM,20.43019,SCE
4/9/2016 3:00:00 AM,20.71848,SDGE
4/9/2016 3:00:00 AM,20.05806,VEA
4/9/2016 4:00:00 AM,21.00000,PGAE
4/9/2016 4:00:00 AM,21.08427,SCE
4/9/2016 4:00:00 AM,21.37711,SDGE
4/9/2016 4:00:00 AM,20.68820,VEA
4/9/2016 5:00:00 AM,21.88750,PGAE
4/9/2016 5:00:00 AM,22.19229,SCE
4/9/2016 5:00:00 AM,22.54788,SDGE
4/9/2016 5:00:00 AM,21.74394,VEA
4/9/2016 6:00:00 AM,22.50000,PGAE
4/9/2016 6:00:00 AM,22.54059,SCE
4/9/2016 6:00:00 AM,22.96001,SDGE
4/9/2016 6:00:00 AM,22.14146,VEA
4/9/2016 7:00:00 AM,22.10512,PGAE
4/9/2016 7:00:00 AM,21.85000,SCE
4/9/2016 7:00:00 AM,22.25907,SDGE
4/9/2016 7:00:00 AM,21.45633,VEA
4/9/2016 8:00:00 AM,22.21964,PGAE
4/9/2016 8:00:00 AM,21.69023,SCE
4/9/2016 8:00:00 AM,22.15594,SDGE
4/9/2016 8:00:00 AM,21.30362,VEA
4/9/2016 9:00:00 AM,23.79883,PGAE
4/9/2016 9:00:00 AM,18.80800,SCE
4/9/2016 9:00:00 AM,19.35962,SDGE
4/9/2016 9:00:00 AM,18.76464,VEA
4/9/2016 10:00:00 AM,20.90255,PGAE
4/9/2016 10:00:00 AM,10.24341,SCE
4/9/2016 10:00:00 AM,10.80459,SDGE
4/9/2016 10:00:00 AM,10.74037,VEA
4/9/2016 11:00:00 AM,20.52583,PGAE
4/9/2016 11:00:00 AM,8.45883,SCE
4/9/2016 11:00:00 AM,9.04439,SDGE
4/9/2016 11:00:00 AM,9.07078,VEA
4/9/2016 12:00:00 PM,21.57045,PGAE
4/9/2016 12:00:00 PM,7.59955,SCE
4/9/2016 12:00:00 PM,8.20159,SDGE
4/9/2016 12:00:00 PM,8.34396,VEA
4/9/2016 1:00:00 PM,20.35969,PGAE
4/9/2016 1:00:00 PM,3.71000,SCE
4/9/2016 1:00:00 PM,4.36462,SDGE
4/9/2016 1:00:00 PM,4.74345,VEA
4/9/2016 2:00:00 PM,18.62153,PGAE
4/9/2016 2:00:00 PM,7.26879,SCE
4/9/2016 2:00:00 PM,7.75921,SDGE
4/9/2016 2:00:00 PM,7.85638,VEA
4/9/2016 3:00:00 PM,19.96703,PGAE
4/9/2016 3:00:00 PM,8.31120,SCE
4/9/2016 3:00:00 PM,8.88146,SDGE
4/9/2016 3:00:00 PM,8.90273,VEA
4/9/2016 4:00:00 PM,19.68729,PGAE
4/9/2016 4:00:00 PM,11.49034,SCE
4/9/2016 4:00:00 PM,11.98565,SDGE
4/9/2016 4:00:00 PM,11.78802,VEA
4/9/2016 5:00:00 PM,22.33599,PGAE
4/9/2016 5:00:00 PM,18.36565,SCE
4/9/2016 5:00:00 PM,18.85630,SDGE
4/9/2016 5:00:00 PM,18.22761,VEA
4/9/2016 6:00:00 PM,25.27726,PGAE
4/9/2016 6:00:00 PM,24.93516,SCE
4/9/2016 6:00:00 PM,25.54389,SDGE
4/9/2016 6:00:00 PM,24.43711,VEA
4/9/2016 7:00:00 PM,31.52161,PGAE
4/9/2016 7:00:00 PM,31.27613,SCE
4/9/2016 7:00:00 PM,32.10697,SDGE
4/9/2016 7:00:00 PM,30.62153,VEA
4/9/2016 8:00:00 PM,34.15931,PGAE
4/9/2016 8:00:00 PM,33.88309,SCE
4/9/2016 8:00:00 PM,34.82769,SDGE
4/9/2016 8:00:00 PM,33.13286,VEA
4/9/2016 9:00:00 PM,27.25011,PGAE
4/9/2016 9:00:00 PM,27.42830,SCE
4/9/2016 9:00:00 PM,28.07254,SDGE
4/9/2016 9:00:00 PM,26.80325,VEA
4/9/2016 10:00:00 PM,26.16212,PGAE
4/9/2016 10:00:00 PM,26.41773,SCE
4/9/2016 10:00:00 PM,27.01065,SDGE
4/9/2016 10:00:00 PM,25.86698,VEA
4/9/2016 11:00:00 PM,22.80525,PGAE
4/9/2016 11:00:00 PM,22.92662,SCE
4/9/2016 11:00:00 PM,23.35483,SDGE
4/9/2016 11:00:00 PM,22.47550,VEA
4/10/2016 12:00:00 AM,21.04373,PGAE
4/10/2016 12:00:00 AM,21.21046,SCE
4/10/2016 12:00:00 AM,21.52548,SDGE
4/10/2016 12:00:00 AM,20.53600,VEA
4/10/2016 1:00:00 AM,21.10700,PGAE
4/10/2016 1:00:00 AM,21.14807,SCE
4/10/2016 1:00:00 AM,21.49884,SDGE
4/10/2016 1:00:00 AM,20.70431,VEA
4/10/2016 2:00:00 AM,20.48512,PGAE
4/10/2016 2:00:00 AM,20.31089,SCE
4/10/2016 2:00:00 AM,20.61255,SDGE
4/10/2016 2:00:00 AM,19.93178,VEA
4/10/2016 3:00:00 AM,21.39218,PGAE
4/10/2016 3:00:00 AM,21.33056,SCE
4/10/2016 3:00:00 AM,21.64462,SDGE
4/10/2016 3:00:00 AM,20.93745,VEA
4/10/2016 4:00:00 AM,20.53570,PGAE
4/10/2016 4:00:00 AM,20.55716,SCE
4/10/2016 4:00:00 AM,20.85315,SDGE
4/10/2016 4:00:00 AM,20.18100,VEA
4/10/2016 5:00:00 AM,19.82671,PGAE
4/10/2016 5:00:00 AM,20.02430,SCE
4/10/2016 5:00:00 AM,20.35561,SDGE
4/10/2016 5:00:00 AM,19.68899,VEA
4/10/2016 6:00:00 AM,21.48355,PGAE
4/10/2016 6:00:00 AM,21.49136,SCE
4/10/2016 6:00:00 AM,21.80737,SDGE
4/10/2016 6:00:00 AM,21.11085,VEA
4/10/2016 7:00:00 AM,18.96994,PGAE
4/10/2016 7:00:00 AM,18.84127,SCE
4/10/2016 7:00:00 AM,19.16863,SDGE
4/10/2016 7:00:00 AM,18.56689,VEA
4/10/2016 8:00:00 AM,20.83765,PGAE
4/10/2016 8:00:00 AM,20.45318,SCE
4/10/2016 8:00:00 AM,20.90586,SDGE
4/10/2016 8:00:00 AM,20.17000,VEA
4/10/2016 9:00:00 AM,19.98885,PGAE
4/10/2016 9:00:00 AM,10.41916,SCE
4/10/2016 9:00:00 AM,10.92353,SDGE
4/10/2016 9:00:00 AM,10.89617,VEA
4/10/2016 10:00:00 AM,18.85095,PGAE
4/10/2016 10:00:00 AM,2.89000,SCE
4/10/2016 10:00:00 AM,3.50793,SDGE
4/10/2016 10:00:00 AM,3.94321,VEA
4/10/2016 11:00:00 AM,18.46508,PGAE
4/10/2016 11:00:00 AM,3.66000,SCE
4/10/2016 11:00:00 AM,4.23786,SDGE
4/10/2016 11:00:00 AM,4.60560,VEA
4/10/2016 12:00:00 PM,19.68167,PGAE
4/10/2016 12:00:00 PM,1.14549,SCE
4/10/2016 12:00:00 PM,1.81754,SDGE
4/10/2016 12:00:00 PM,2.33150,VEA
4/10/2016 1:00:00 PM,19.17030,PGAE
4/10/2016 1:00:00 PM,0.63401,SCE
4/10/2016 1:00:00 PM,1.30151,SDGE
4/10/2016 1:00:00 PM,1.83891,VEA
4/10/2016 2:00:00 PM,18.55040,PGAE
4/10/2016 2:00:00 PM,2.10409,SCE
4/10/2016 2:00:00 PM,2.69127,SDGE
4/10/2016 2:00:00 PM,3.11069,VEA
4/10/2016 3:00:00 PM,19.63180,PGAE
4/10/2016 3:00:00 PM,1.00000,SCE
4/10/2016 3:00:00 PM,1.65631,SDGE
4/10/2016 3:00:00 PM,2.19508,VEA
4/10/2016 4:00:00 PM,19.97567,PGAE
4/10/2016 4:00:00 PM,8.92272,SCE
4/10/2016 4:00:00 PM,9.42408,SDGE
4/10/2016 4:00:00 PM,9.36580,VEA
4/10/2016 5:00:00 PM,22.14707,PGAE
4/10/2016 5:00:00 PM,19.94486,SCE
4/10/2016 5:00:00 PM,20.37753,SDGE
4/10/2016 5:00:00 PM,19.50938,VEA
4/10/2016 6:00:00 PM,25.17804,PGAE
4/10/2016 6:00:00 PM,24.95203,SCE
4/10/2016 6:00:00 PM,25.55474,SDGE
4/10/2016 6:00:00 PM,23.96761,VEA
4/10/2016 7:00:00 PM,32.29822,PGAE
4/10/2016 7:00:00 PM,32.24000,SCE
4/10/2016 7:00:00 PM,33.06476,SDGE
4/10/2016 7:00:00 PM,30.86217,VEA
4/10/2016 8:00:00 PM,37.00138,PGAE
4/10/2016 8:00:00 PM,36.82007,SCE
4/10/2016 8:00:00 PM,37.89311,SDGE
4/10/2016 8:00:00 PM,35.24751,VEA
4/10/2016 9:00:00 PM,27.09884,PGAE
4/10/2016 9:00:00 PM,27.63148,SCE
4/10/2016 9:00:00 PM,28.28768,SDGE
4/10/2016 9:00:00 PM,26.95333,VEA
4/10/2016 10:00:00 PM,25.34774,PGAE
4/10/2016 10:00:00 PM,25.63639,SCE
4/10/2016 10:00:00 PM,26.17282,SDGE
4/10/2016 10:00:00 PM,25.09996,VEA
4/10/2016 11:00:00 PM,20.75838,PGAE
4/10/2016 11:00:00 PM,21.04108,SCE
4/10/2016 11:00:00 PM,21.42429,SDGE
4/10/2016 11:00:00 PM,20.63902,VEA
4/11/2016 12:00:00 AM,20.43947,PGAE
4/11/2016 12:00:00 AM,20.36800,SCE
4/11/2016 12:00:00 AM,20.70903,SDGE
4/11/2016 12:00:00 AM,19.78192,VEA
4/11/2016 1:00:00 AM,19.55832,PGAE
4/11/2016 1:00:00 AM,19.49189,SCE
4/11/2016 1:00:00 AM,19.76346,SDGE
4/11/2016 1:00:00 AM,18.88430,VEA
4/11/2016 2:00:00 AM,17.98456,PGAE
4/11/2016 2:00:00 AM,17.89482,SCE
4/11/2016 2:00:00 AM,18.13172,SDGE
4/11/2016 2:00:00 AM,17.35462,VEA
4/11/2016 3:00:00 AM,18.51332,PGAE
4/11/2016 3:00:00 AM,18.53000,SCE
4/11/2016 3:00:00 AM,18.79879,SDGE
4/11/2016 3:00:00 AM,18.20930,VEA
4/11/2016 4:00:00 AM,20.47815,PGAE
4/11/2016 4:00:00 AM,20.52741,SCE
4/11/2016 4:00:00 AM,20.84141,SDGE
4/11/2016 4:00:00 AM,20.15594,VEA
4/11/2016 5:00:00 AM,25.18850,PGAE
4/11/2016 5:00:00 AM,25.47003,SCE
4/11/2016 5:00:00 AM,25.77693,SDGE
4/11/2016 5:00:00 AM,25.05914,VEA
4/11/2016 6:00:00 AM,26.50935,PGAE
4/11/2016 6:00:00 AM,26.57047,SCE
4/11/2016 6:00:00 AM,26.98767,SDGE
4/11/2016 6:00:00 AM,26.11341,VEA
4/11/2016 7:00:00 AM,30.57533,PGAE
4/11/2016 7:00:00 AM,30.24050,SCE
4/11/2016 7:00:00 AM,30.81275,SDGE
4/11/2016 7:00:00 AM,29.67131,VEA
4/11/2016 8:00:00 AM,26.25095,PGAE
4/11/2016 8:00:00 AM,25.69756,SCE
4/11/2016 8:00:00 AM,26.09767,SDGE
4/11/2016 8:00:00 AM,24.99349,VEA
4/11/2016 9:00:00 AM,23.77893,PGAE
4/11/2016 9:00:00 AM,21.75327,SCE
4/11/2016 9:00:00 AM,22.16720,SDGE
4/11/2016 9:00:00 AM,21.20564,VEA
4/11/2016 10:00:00 AM,24.82690,PGAE
4/11/2016 10:00:00 AM,21.75754,SCE
4/11/2016 10:00:00 AM,21.47989,SDGE
4/11/2016 10:00:00 AM,20.28996,VEA
4/11/2016 11:00:00 AM,24.58252,PGAE
4/11/2016 11:00:00 AM,23.10834,SCE
4/11/2016 11:00:00 AM,23.60133,SDGE
4/11/2016 11:00:00 AM,22.41260,VEA
4/11/2016 12:00:00 PM,25.28892,PGAE
4/11/2016 12:00:00 PM,24.78084,SCE
4/11/2016 12:00:00 PM,25.27641,SDGE
4/11/2016 12:00:00 PM,23.96991,VEA
4/11/2016 1:00:00 PM,24.26268,PGAE
4/11/2016 1:00:00 PM,19.80529,SCE
4/11/2016 1:00:00 PM,19.71952,SDGE
4/11/2016 1:00:00 PM,18.63026,VEA
4/11/2016 2:00:00 PM,23.93562,PGAE
4/11/2016 2:00:00 PM,23.07190,SCE
4/11/2016 2:00:00 PM,23.51000,SDGE
4/11/2016 2:00:00 PM,22.36248,VEA
4/11/2016 3:00:00 PM,23.36284,PGAE
4/11/2016 3:00:00 PM,21.73589,SCE
4/11/2016 3:00:00 PM,22.15438,SDGE
4/11/2016 3:00:00 PM,21.11083,VEA
4/11/2016 4:00:00 PM,24.28682,PGAE
4/11/2016 4:00:00 PM,23.82000,SCE
4/11/2016 4:00:00 PM,24.24592,SDGE
4/11/2016 4:00:00 PM,23.07164,VEA
4/11/2016 5:00:00 PM,25.50803,PGAE
4/11/2016 5:00:00 PM,25.19318,SCE
4/11/2016 5:00:00 PM,25.72640,SDGE
4/11/2016 5:00:00 PM,24.40351,VEA
4/11/2016 6:00:00 PM,29.42451,PGAE
4/11/2016 6:00:00 PM,29.48653,SCE
4/11/2016 6:00:00 PM,30.22783,SDGE
4/11/2016 6:00:00 PM,28.60347,VEA
4/11/2016 7:00:00 PM,34.42414,PGAE
4/11/2016 7:00:00 PM,34.78533,SCE
4/11/2016 7:00:00 PM,35.84111,SDGE
4/11/2016 7:00:00 PM,33.74343,VEA
4/11/2016 8:00:00 PM,39.63551,PGAE
4/11/2016 8:00:00 PM,40.18000,SCE
4/11/2016 8:00:00 PM,41.14887,SDGE
4/11/2016 8:00:00 PM,38.86682,VEA
4/11/2016 9:00:00 PM,27.59851,PGAE
4/11/2016 9:00:00 PM,28.09298,SCE
4/11/2016 9:00:00 PM,28.67965,SDGE
4/11/2016 9:00:00 PM,27.24092,VEA
4/11/2016 10:00:00 PM,26.13072,PGAE
4/11/2016 10:00:00 PM,26.58776,SCE
4/11/2016 10:00:00 PM,27.02631,SDGE
4/11/2016 10:00:00 PM,25.86917,VEA
4/11/2016 11:00:00 PM,22.24308,PGAE
4/11/2016 11:00:00 PM,22.41535,SCE
4/11/2016 11:00:00 PM,22.94559,SDGE
4/11/2016 11:00:00 PM,21.59203,VEA
4/12/2016 12:00:00 AM,15.12337,PGAE
4/12/2016 12:00:00 AM,15.20689,SCE
4/12/2016 12:00:00 AM,15.48023,SDGE
4/12/2016 12:00:00 AM,14.73310,VEA
4/12/2016 1:00:00 AM,15.59980,PGAE
4/12/2016 1:00:00 AM,15.52042,SCE
4/12/2016 1:00:00 AM,15.75390,SDGE
4/12/2016 1:00:00 AM,15.06746,VEA
4/12/2016 2:00:00 AM,14.06332,PGAE
4/12/2016 2:00:00 AM,13.97219,SCE
4/12/2016 2:00:00 AM,14.14744,SDGE
4/12/2016 2:00:00 AM,13.55860,VEA
4/12/2016 3:00:00 AM,15.13417,PGAE
4/12/2016 3:00:00 AM,15.13265,SCE
4/12/2016 3:00:00 AM,15.30678,SDGE
4/12/2016 3:00:00 AM,14.67234,VEA
4/12/2016 4:00:00 AM,17.21187,PGAE
4/12/2016 4:00:00 AM,17.29304,SCE
4/12/2016 4:00:00 AM,17.51584,SDGE
4/12/2016 4:00:00 AM,16.78011,VEA
4/12/2016 5:00:00 AM,24.29994,PGAE
4/12/2016 5:00:00 AM,24.77689,SCE
4/12/2016 5:00:00 AM,25.04733,SDGE
4/12/2016 5:00:00 AM,23.94591,VEA
4/12/2016 6:00:00 AM,26.68730,PGAE
4/12/2016 6:00:00 AM,27.07525,SCE
4/12/2016 6:00:00 AM,27.55748,SDGE
4/12/2016 6:00:00 AM,26.16466,VEA
4/12/2016 7:00:00 AM,29.46745,PGAE
4/12/2016 7:00:00 AM,29.44680,SCE
4/12/2016 7:00:00 AM,29.95120,SDGE
4/12/2016 7:00:00 AM,28.38786,VEA
4/12/2016 8:00:00 AM,23.48652,PGAE
4/12/2016 8:00:00 AM,24.02102,SCE
4/12/2016 8:00:00 AM,25.00000,SDGE
4/12/2016 8:00:00 AM,22.30092,VEA
4/12/2016 9:00:00 AM,19.19758,PGAE
4/12/2016 9:00:00 AM,14.60925,SCE
4/12/2016 9:00:00 AM,18.29872,SDGE
4/12/2016 9:00:00 AM,9.83432,VEA
4/12/2016 10:00:00 AM,21.35646,PGAE
4/12/2016 10:00:00 AM,15.16978,SCE
4/12/2016 10:00:00 AM,20.25194,SDGE
4/12/2016 10:00:00 AM,5.85402,VEA
4/12/2016 11:00:00 AM,20.77268,PGAE
4/12/2016 11:00:00 AM,17.75796,SCE
4/12/2016 11:00:00 AM,25.31712,SDGE
4/12/2016 11:00:00 AM,3.85299,VEA
4/12/2016 12:00:00 PM,20.94794,PGAE
4/12/2016 12:00:00 PM,18.40316,SCE
4/12/2016 12:00:00 PM,23.71178,SDGE
4/12/2016 12:00:00 PM,3.20305,VEA
4/12/2016 1:00:00 PM,20.66695,PGAE
4/12/2016 1:00:00 PM,15.06895,SCE
4/12/2016 1:00:00 PM,19.36999,SDGE
4/12/2016 1:00:00 PM,2.18858,VEA
4/12/2016 2:00:00 PM,16.79562,PGAE
4/12/2016 2:00:00 PM,15.93202,SCE
4/12/2016 2:00:00 PM,19.10503,SDGE
4/12/2016 2:00:00 PM,1.23327,VEA
4/12/2016 3:00:00 PM,18.02557,PGAE
4/12/2016 3:00:00 PM,15.87341,SCE
4/12/2016 3:00:00 PM,18.46092,SDGE
4/12/2016 3:00:00 PM,0.93721,VEA
4/12/2016 4:00:00 PM,19.20814,PGAE
4/12/2016 4:00:00 PM,18.44419,SCE
4/12/2016 4:00:00 PM,21.43943,SDGE
4/12/2016 4:00:00 PM,4.79519,VEA
4/12/2016 5:00:00 PM,22.26912,PGAE
4/12/2016 5:00:00 PM,21.34000,SCE
4/12/2016 5:00:00 PM,23.48846,SDGE
4/12/2016 5:00:00 PM,14.64205,VEA
4/12/2016 6:00:00 PM,24.66402,PGAE
4/12/2016 6:00:00 PM,26.06743,SCE
4/12/2016 6:00:00 PM,27.05072,SDGE
4/12/2016 6:00:00 PM,23.59664,VEA
4/12/2016 7:00:00 PM,29.82727,PGAE
4/12/2016 7:00:00 PM,34.30929,SCE
4/12/2016 7:00:00 PM,36.10226,SDGE
4/12/2016 7:00:00 PM,28.97390,VEA
4/12/2016 8:00:00 PM,34.56000,PGAE
4/12/2016 8:00:00 PM,34.48732,SCE
4/12/2016 8:00:00 PM,35.35946,SDGE
4/12/2016 8:00:00 PM,33.27257,VEA
4/12/2016 9:00:00 PM,25.90248,PGAE
4/12/2016 9:00:00 PM,26.26870,SCE
4/12/2016 9:00:00 PM,26.80234,SDGE
4/12/2016 9:00:00 PM,25.31129,VEA
4/12/2016 10:00:00 PM,23.12000,PGAE
4/12/2016 10:00:00 PM,23.41375,SCE
4/12/2016 10:00:00 PM,23.79609,SDGE
4/12/2016 10:00:00 PM,22.58146,VEA
4/12/2016 11:00:00 PM,19.44134,PGAE
4/12/2016 11:00:00 PM,19.54680,SCE
4/12/2016 11:00:00 PM,19.98035,SDGE
4/12/2016 11:00:00 PM,18.90624,VEA
4/13/2016 12:00:00 AM,17.15503,PGAE
4/13/2016 12:00:00 AM,17.38713,SCE
4/13/2016 12:00:00 AM,17.88598,SDGE
4/13/2016 12:00:00 AM,16.67696,VEA
4/13/2016 1:00:00 AM,16.03028,PGAE
4/13/2016 1:00:00 AM,16.04313,SCE
4/13/2016 1:00:00 AM,16.46566,SDGE
4/13/2016 1:00:00 AM,15.42139,VEA
4/13/2016 2:00:00 AM,14.02104,PGAE
4/13/2016 2:00:00 AM,13.98317,SCE
4/13/2016 2:00:00 AM,14.34783,SDGE
4/13/2016 2:00:00 AM,13.45722,VEA
4/13/2016 3:00:00 AM,13.64294,PGAE
4/13/2016 3:00:00 AM,13.63747,SCE
4/13/2016 3:00:00 AM,14.01466,SDGE
4/13/2016 3:00:00 AM,13.26302,VEA
4/13/2016 4:00:00 AM,17.23785,PGAE
4/13/2016 4:00:00 AM,17.27071,SCE
4/13/2016 4:00:00 AM,17.74444,SDGE
4/13/2016 4:00:00 AM,16.77622,VEA
4/13/2016 5:00:00 AM,22.83045,PGAE
4/13/2016 5:00:00 AM,23.17423,SCE
4/13/2016 5:00:00 AM,23.83873,SDGE
4/13/2016 5:00:00 AM,22.42668,VEA
4/13/2016 6:00:00 AM,27.23344,PGAE
4/13/2016 6:00:00 AM,27.65784,SCE
4/13/2016 6:00:00 AM,28.69405,SDGE
4/13/2016 6:00:00 AM,26.75943,VEA
4/13/2016 7:00:00 AM,29.94266,PGAE
4/13/2016 7:00:00 AM,30.18410,SCE
4/13/2016 7:00:00 AM,31.40040,SDGE
4/13/2016 7:00:00 AM,28.94668,VEA
4/13/2016 8:00:00 AM,23.49411,PGAE
4/13/2016 8:00:00 AM,21.66040,SCE
4/13/2016 8:00:00 AM,22.46193,SDGE
4/13/2016 8:00:00 AM,20.90753,VEA
4/13/2016 9:00:00 AM,19.29294,PGAE
4/13/2016 9:00:00 AM,6.08000,SCE
4/13/2016 9:00:00 AM,6.85482,SDGE
4/13/2016 9:00:00 AM,6.62472,VEA
4/13/2016 10:00:00 AM,18.53905,PGAE
4/13/2016 10:00:00 AM,3.85160,SCE
4/13/2016 10:00:00 AM,4.61260,SDGE
4/13/2016 10:00:00 AM,4.68137,VEA
4/13/2016 11:00:00 AM,18.91737,PGAE
4/13/2016 11:00:00 AM,3.57295,SCE
4/13/2016 11:00:00 AM,4.27837,SDGE
4/13/2016 11:00:00 AM,4.42363,VEA
4/13/2016 12:00:00 PM,17.68330,PGAE
4/13/2016 12:00:00 PM,11.57014,SCE
4/13/2016 12:00:00 PM,14.24772,SDGE
4/13/2016 12:00:00 PM,-1.26991,VEA
4/13/2016 1:00:00 PM,17.56548,PGAE
4/13/2016 1:00:00 PM,5.51000,SCE
4/13/2016 1:00:00 PM,6.11129,SDGE
4/13/2016 1:00:00 PM,6.09465,VEA
4/13/2016 2:00:00 PM,17.41460,PGAE
4/13/2016 2:00:00 PM,5.51772,SCE
4/13/2016 2:00:00 PM,6.10135,SDGE
4/13/2016 2:00:00 PM,6.08428,VEA
4/13/2016 3:00:00 PM,17.76606,PGAE
4/13/2016 3:00:00 PM,16.52063,SCE
4/13/2016 3:00:00 PM,19.00886,SDGE
4/13/2016 3:00:00 PM,3.81953,VEA
4/13/2016 4:00:00 PM,17.59338,PGAE
4/13/2016 4:00:00 PM,17.96200,SCE
4/13/2016 4:00:00 PM,20.44189,SDGE
4/13/2016 4:00:00 PM,8.51101,VEA
4/13/2016 5:00:00 PM,19.89334,PGAE
4/13/2016 5:00:00 PM,15.83000,SCE
4/13/2016 5:00:00 PM,16.48626,SDGE
4/13/2016 5:00:00 PM,15.42562,VEA
4/13/2016 6:00:00 PM,25.64895,PGAE
4/13/2016 6:00:00 PM,25.90000,SCE
4/13/2016 6:00:00 PM,26.87316,SDGE
4/13/2016 6:00:00 PM,24.98637,VEA
4/13/2016 7:00:00 PM,33.32000,PGAE
4/13/2016 7:00:00 PM,34.07189,SCE
4/13/2016 7:00:00 PM,35.44018,SDGE
4/13/2016 7:00:00 PM,32.67989,VEA
4/13/2016 8:00:00 PM,34.27363,PGAE
4/13/2016 8:00:00 PM,34.67889,SCE
4/13/2016 8:00:00 PM,36.09209,SDGE
4/13/2016 8:00:00 PM,33.33496,VEA
4/13/2016 9:00:00 PM,27.39848,PGAE
4/13/2016 9:00:00 PM,27.73338,SCE
4/13/2016 9:00:00 PM,28.68550,SDGE
4/13/2016 9:00:00 PM,26.73144,VEA
4/13/2016 10:00:00 PM,24.52051,PGAE
4/13/2016 10:00:00 PM,24.91000,SCE
4/13/2016 10:00:00 PM,25.69146,SDGE
4/13/2016 10:00:00 PM,24.01442,VEA
4/13/2016 11:00:00 PM,20.16142,PGAE
4/13/2016 11:00:00 PM,20.25258,SCE
4/13/2016 11:00:00 PM,20.78944,SDGE
4/13/2016 11:00:00 PM,19.61038,VEA
4/14/2016 12:00:00 AM,16.60725,PGAE
4/14/2016 12:00:00 AM,16.55910,SCE
4/14/2016 12:00:00 AM,16.94265,SDGE
4/14/2016 12:00:00 AM,15.95804,VEA
4/14/2016 1:00:00 AM,14.58195,PGAE
4/14/2016 1:00:00 AM,14.61265,SCE
4/14/2016 1:00:00 AM,14.92107,SDGE
4/14/2016 1:00:00 AM,14.09082,VEA
4/14/2016 2:00:00 AM,12.05200,PGAE
4/14/2016 2:00:00 AM,11.97145,SCE
4/14/2016 2:00:00 AM,12.21191,SDGE
4/14/2016 2:00:00 AM,11.65644,VEA
4/14/2016 3:00:00 AM,13.25428,PGAE
4/14/2016 3:00:00 AM,13.19998,SCE
4/14/2016 3:00:00 AM,13.45956,SDGE
4/14/2016 3:00:00 AM,12.98278,VEA
4/14/2016 4:00:00 AM,15.99094,PGAE
4/14/2016 4:00:00 AM,15.86817,SCE
4/14/2016 4:00:00 AM,16.17271,SDGE
4/14/2016 4:00:00 AM,15.44563,VEA
4/14/2016 5:00:00 AM,22.53988,PGAE
4/14/2016 5:00:00 AM,22.62367,SCE
4/14/2016 5:00:00 AM,23.38006,SDGE
4/14/2016 5:00:00 AM,21.89899,VEA
4/14/2016 6:00:00 AM,28.91979,PGAE
4/14/2016 6:00:00 AM,28.91399,SCE
4/14/2016 6:00:00 AM,32.72625,SDGE
4/14/2016 6:00:00 AM,27.33234,VEA
4/14/2016 7:00:00 AM,29.24025,PGAE
4/14/2016 7:00:00 AM,29.15821,SCE
4/14/2016 7:00:00 AM,35.91347,SDGE
4/14/2016 7:00:00 AM,26.78032,VEA
4/14/2016 8:00:00 AM,23.42133,PGAE
4/14/2016 8:00:00 AM,13.41000,SCE
4/14/2016 8:00:00 AM,16.64404,SDGE
4/14/2016 8:00:00 AM,12.71951,VEA
4/14/2016 9:00:00 AM,20.38142,PGAE
4/14/2016 9:00:00 AM,5.50344,SCE
4/14/2016 9:00:00 AM,15.09502,SDGE
4/14/2016 9:00:00 AM,-3.21473,VEA
4/14/2016 10:00:00 AM,18.99026,PGAE
4/14/2016 10:00:00 AM,3.57000,SCE
4/14/2016 10:00:00 AM,10.01034,SDGE
4/14/2016 10:00:00 AM,-4.46969,VEA
4/14/2016 11:00:00 AM,17.42258,PGAE
4/14/2016 11:00:00 AM,4.05879,SCE
4/14/2016 11:00:00 AM,7.79258,SDGE
4/14/2016 11:00:00 AM,-3.35737,VEA
4/14/2016 12:00:00 PM,15.68999,PGAE
4/14/2016 12:00:00 PM,4.53746,SCE
4/14/2016 12:00:00 PM,7.59756,SDGE
4/14/2016 12:00:00 PM,-2.97412,VEA
4/14/2016 1:00:00 PM,14.71099,PGAE
4/14/2016 1:00:00 PM,6.32424,SCE
4/14/2016 1:00:00 PM,7.45338,SDGE
4/14/2016 1:00:00 PM,-1.22000,VEA
4/14/2016 2:00:00 PM,14.59234,PGAE
4/14/2016 2:00:00 PM,7.41000,SCE
4/14/2016 2:00:00 PM,9.57009,SDGE
4/14/2016 2:00:00 PM,-2.29135,VEA
4/14/2016 3:00:00 PM,16.33003,PGAE
4/14/2016 3:00:00 PM,11.30000,SCE
4/14/2016 3:00:00 PM,18.09056,SDGE
4/14/2016 3:00:00 PM,-0.27341,VEA
4/14/2016 4:00:00 PM,15.46794,PGAE
4/14/2016 4:00:00 PM,11.03421,SCE
4/14/2016 4:00:00 PM,11.84525,SDGE
4/14/2016 4:00:00 PM,6.80403,VEA
4/14/2016 5:00:00 PM,19.51976,PGAE
4/14/2016 5:00:00 PM,16.62000,SCE
4/14/2016 5:00:00 PM,17.38451,SDGE
4/14/2016 5:00:00 PM,15.84043,VEA
4/14/2016 6:00:00 PM,24.39097,PGAE
4/14/2016 6:00:00 PM,24.63000,SCE
4/14/2016 6:00:00 PM,25.87197,SDGE
4/14/2016 6:00:00 PM,23.61227,VEA
4/14/2016 7:00:00 PM,30.66078,PGAE
4/14/2016 7:00:00 PM,33.56299,SCE
4/14/2016 7:00:00 PM,40.26000,SDGE
4/14/2016 7:00:00 PM,29.10754,VEA
4/14/2016 8:00:00 PM,34.54588,PGAE
4/14/2016 8:00:00 PM,37.25548,SCE
4/14/2016 8:00:00 PM,40.80394,SDGE
4/14/2016 8:00:00 PM,33.05807,VEA
4/14/2016 9:00:00 PM,27.30625,PGAE
4/14/2016 9:00:00 PM,28.03011,SCE
4/14/2016 9:00:00 PM,29.43885,SDGE
4/14/2016 9:00:00 PM,26.73830,VEA
4/14/2016 10:00:00 PM,24.38020,PGAE
4/14/2016 10:00:00 PM,24.85000,SCE
4/14/2016 10:00:00 PM,25.85142,SDGE
4/14/2016 10:00:00 PM,23.74226,VEA
4/14/2016 11:00:00 PM,20.98989,PGAE
4/14/2016 11:00:00 PM,21.07000,SCE
4/14/2016 11:00:00 PM,21.66869,SDGE
4/14/2016 11:00:00 PM,20.20359,VEA
4/15/2016 12:00:00 AM,17.00000,PGAE
4/15/2016 12:00:00 AM,16.75641,SCE
4/15/2016 12:00:00 AM,17.22997,SDGE
4/15/2016 12:00:00 AM,15.79566,VEA
4/15/2016 1:00:00 AM,15.37392,PGAE
4/15/2016 1:00:00 AM,15.06103,SCE
4/15/2016 1:00:00 AM,15.35689,SDGE
4/15/2016 1:00:00 AM,14.38104,VEA
4/15/2016 2:00:00 AM,13.92856,PGAE
4/15/2016 2:00:00 AM,13.50930,SCE
4/15/2016 2:00:00 AM,13.76352,SDGE
4/15/2016 2:00:00 AM,12.96460,VEA
4/15/2016 3:00:00 AM,14.16716,PGAE
4/15/2016 3:00:00 AM,13.76957,SCE
4/15/2016 3:00:00 AM,14.01482,SDGE
4/15/2016 3:00:00 AM,13.21098,VEA
4/15/2016 4:00:00 AM,16.38676,PGAE
4/15/2016 4:00:00 AM,16.03140,SCE
4/15/2016 4:00:00 AM,16.35915,SDGE
4/15/2016 4:00:00 AM,15.41035,VEA
4/15/2016 5:00:00 AM,22.57422,PGAE
4/15/2016 5:00:00 AM,22.28659,SCE
4/15/2016 5:00:00 AM,22.88295,SDGE
4/15/2016 5:00:00 AM,21.42755,VEA
4/15/2016 6:00:00 AM,32.38991,PGAE
4/15/2016 6:00:00 AM,32.28600,SCE
4/15/2016 6:00:00 AM,33.75370,SDGE
4/15/2016 6:00:00 AM,31.17874,VEA
4/15/2016 7:00:00 AM,31.19708,PGAE
4/15/2016 7:00:00 AM,30.70226,SCE
4/15/2016 7:00:00 AM,31.89107,SDGE
4/15/2016 7:00:00 AM,29.47141,VEA
4/15/2016 8:00:00 AM,21.22031,PGAE
4/15/2016 8:00:00 AM,19.31000,SCE
4/15/2016 8:00:00 AM,20.09561,SDGE
4/15/2016 8:00:00 AM,18.61709,VEA
4/15/2016 9:00:00 AM,18.19972,PGAE
4/15/2016 9:00:00 AM,6.99000,SCE
4/15/2016 9:00:00 AM,10.51192,SDGE
4/15/2016 9:00:00 AM,0.03189,VEA
4/15/2016 10:00:00 AM,15.01302,PGAE
4/15/2016 10:00:00 AM,10.40370,SCE
4/15/2016 10:00:00 AM,19.64184,SDGE
4/15/2016 10:00:00 AM,1.18368,VEA
4/15/2016 11:00:00 AM,14.42000,PGAE
4/15/2016 11:00:00 AM,8.61136,SCE
4/15/2016 11:00:00 AM,11.85921,SDGE
4/15/2016 11:00:00 AM,0.79432,VEA
4/15/2016 12:00:00 PM,14.47391,PGAE
4/15/2016 12:00:00 PM,10.98037,SCE
4/15/2016 12:00:00 PM,13.37095,SDGE
4/15/2016 12:00:00 PM,3.01142,VEA
4/15/2016 1:00:00 PM,14.45412,PGAE
4/15/2016 1:00:00 PM,12.72338,SCE
4/15/2016 1:00:00 PM,14.83354,SDGE
4/15/2016 1:00:00 PM,4.60233,VEA
4/15/2016 2:00:00 PM,15.07166,PGAE
4/15/2016 2:00:00 PM,12.73578,SCE
4/15/2016 2:00:00 PM,13.85407,SDGE
4/15/2016 2:00:00 PM,4.69202,VEA
4/15/2016 3:00:00 PM,14.83625,PGAE
4/15/2016 3:00:00 PM,16.68568,SCE
4/15/2016 3:00:00 PM,17.84500,SDGE
4/15/2016 3:00:00 PM,8.14604,VEA
4/15/2016 4:00:00 PM,16.02200,PGAE
4/15/2016 4:00:00 PM,15.13028,SCE
4/15/2016 4:00:00 PM,15.74430,SDGE
4/15/2016 4:00:00 PM,13.61720,VEA
4/15/2016 5:00:00 PM,18.30092,PGAE
4/15/2016 5:00:00 PM,18.01488,SCE
4/15/2016 5:00:00 PM,18.83291,SDGE
4/15/2016 5:00:00 PM,17.32985,VEA
4/15/2016 6:00:00 PM,22.39274,PGAE
4/15/2016 6:00:00 PM,25.06394,SCE
4/15/2016 6:00:00 PM,27.61698,SDGE
4/15/2016 6:00:00 PM,21.63697,VEA
4/15/2016 7:00:00 PM,29.65896,PGAE
4/15/2016 7:00:00 PM,40.74867,SCE
4/15/2016 7:00:00 PM,47.94942,SDGE
4/15/2016 7:00:00 PM,28.84059,VEA
4/15/2016 8:00:00 PM,39.83851,PGAE
4/15/2016 8:00:00 PM,40.13629,SCE
4/15/2016 8:00:00 PM,42.65000,SDGE
4/15/2016 8:00:00 PM,38.64335,VEA
4/15/2016 9:00:00 PM,29.92504,PGAE
4/15/2016 9:00:00 PM,30.33929,SCE
4/15/2016 9:00:00 PM,31.81931,SDGE
4/15/2016 9:00:00 PM,29.09111,VEA
4/15/2016 10:00:00 PM,25.69175,PGAE
4/15/2016 10:00:00 PM,26.23480,SCE
4/15/2016 10:00:00 PM,27.27315,SDGE
4/15/2016 10:00:00 PM,25.20083,VEA
4/15/2016 11:00:00 PM,21.66236,PGAE
4/15/2016 11:00:00 PM,22.11038,SCE
4/15/2016 11:00:00 PM,22.94144,SDGE
4/15/2016 11:00:00 PM,21.22809,VEA
4/16/2016 12:00:00 AM,21.34614,PGAE
4/16/2016 12:00:00 AM,21.35000,SCE
4/16/2016 12:00:00 AM,21.89629,SDGE
4/16/2016 12:00:00 AM,20.63983,VEA
4/16/2016 1:00:00 AM,20.18692,PGAE
4/16/2016 1:00:00 AM,20.27000,SCE
4/16/2016 1:00:00 AM,20.92705,SDGE
4/16/2016 1:00:00 AM,19.56779,VEA
4/16/2016 2:00:00 AM,18.21592,PGAE
4/16/2016 2:00:00 AM,18.11628,SCE
4/16/2016 2:00:00 AM,18.65228,SDGE
4/16/2016 2:00:00 AM,17.24350,VEA
4/16/2016 3:00:00 AM,18.40880,PGAE
4/16/2016 3:00:00 AM,18.28301,SCE
4/16/2016 3:00:00 AM,18.77826,SDGE
4/16/2016 3:00:00 AM,17.38861,VEA
4/16/2016 4:00:00 AM,16.82872,PGAE
4/16/2016 4:00:00 AM,16.71939,SCE
4/16/2016 4:00:00 AM,17.21314,SDGE
4/16/2016 4:00:00 AM,16.02748,VEA
4/16/2016 5:00:00 AM,21.10537,PGAE
4/16/2016 5:00:00 AM,21.06384,SCE
4/16/2016 5:00:00 AM,21.73517,SDGE
4/16/2016 5:00:00 AM,19.90897,VEA
4/16/2016 6:00:00 AM,24.07092,PGAE
4/16/2016 6:00:00 AM,24.17000,SCE
4/16/2016 6:00:00 AM,25.16036,SDGE
4/16/2016 6:00:00 AM,23.50400,VEA
4/16/2016 7:00:00 AM,21.09706,PGAE
4/16/2016 7:00:00 AM,20.85068,SCE
4/16/2016 7:00:00 AM,21.63902,SDGE
4/16/2016 7:00:00 AM,20.26260,VEA
4/16/2016 8:00:00 AM,17.43649,PGAE
4/16/2016 8:00:00 AM,17.04303,SCE
4/16/2016 8:00:00 AM,17.52623,SDGE
4/16/2016 8:00:00 AM,16.54085,VEA
4/16/2016 9:00:00 AM,15.06000,PGAE
4/16/2016 9:00:00 AM,5.40274,SCE
4/16/2016 9:00:00 AM,5.81205,SDGE
4/16/2016 9:00:00 AM,4.89612,VEA
4/16/2016 10:00:00 AM,15.38206,PGAE
4/16/2016 10:00:00 AM,2.76664,SCE
4/16/2016 10:00:00 AM,3.21859,SDGE
4/16/2016 10:00:00 AM,2.59643,VEA
4/16/2016 11:00:00 AM,16.20880,PGAE
4/16/2016 11:00:00 AM,1.59194,SCE
4/16/2016 11:00:00 AM,2.08820,SDGE
4/16/2016 11:00:00 AM,1.55319,VEA
4/16/2016 12:00:00 PM,14.52000,PGAE
4/16/2016 12:00:00 PM,3.32810,SCE
4/16/2016 12:00:00 PM,3.72243,SDGE
4/16/2016 12:00:00 PM,2.90531,VEA
4/16/2016 1:00:00 PM,14.30172,PGAE
4/16/2016 1:00:00 PM,4.49883,SCE
4/16/2016 1:00:00 PM,5.01556,SDGE
4/16/2016 1:00:00 PM,3.94792,VEA
4/16/2016 2:00:00 PM,16.41014,PGAE
4/16/2016 2:00:00 PM,5.64874,SCE
4/16/2016 2:00:00 PM,6.17738,SDGE
4/16/2016 2:00:00 PM,4.68187,VEA
4/16/2016 3:00:00 PM,17.39881,PGAE
4/16/2016 3:00:00 PM,13.11392,SCE
4/16/2016 3:00:00 PM,13.57011,SDGE
4/16/2016 3:00:00 PM,10.09639,VEA
4/16/2016 4:00:00 PM,16.82686,PGAE
4/16/2016 4:00:00 PM,16.35649,SCE
4/16/2016 4:00:00 PM,16.79558,SDGE
4/16/2016 4:00:00 PM,12.91584,VEA
4/16/2016 5:00:00 PM,20.03348,PGAE
4/16/2016 5:00:00 PM,19.66536,SCE
4/16/2016 5:00:00 PM,20.54287,SDGE
4/16/2016 5:00:00 PM,18.92117,VEA
4/16/2016 6:00:00 PM,24.98614,PGAE
4/16/2016 6:00:00 PM,25.15757,SCE
4/16/2016 6:00:00 PM,26.57188,SDGE
4/16/2016 6:00:00 PM,24.22731,VEA
4/16/2016 7:00:00 PM,32.26489,PGAE
4/16/2016 7:00:00 PM,32.49294,SCE
4/16/2016 7:00:00 PM,34.48017,SDGE
4/16/2016 7:00:00 PM,31.18983,VEA
4/16/2016 8:00:00 PM,36.13750,PGAE
4/16/2016 8:00:00 PM,36.17752,SCE
4/16/2016 8:00:00 PM,38.96187,SDGE
4/16/2016 8:00:00 PM,34.65284,VEA
4/16/2016 9:00:00 PM,28.33030,PGAE
4/16/2016 9:00:00 PM,28.51000,SCE
4/16/2016 9:00:00 PM,29.59963,SDGE
4/16/2016 9:00:00 PM,27.38900,VEA
4/16/2016 10:00:00 PM,24.20218,PGAE
4/16/2016 10:00:00 PM,24.39915,SCE
4/16/2016 10:00:00 PM,25.10524,SDGE
4/16/2016 10:00:00 PM,20.60364,VEA
4/16/2016 11:00:00 PM,22.31569,PGAE
4/16/2016 11:00:00 PM,22.46423,SCE
4/16/2016 11:00:00 PM,23.02746,SDGE
4/16/2016 11:00:00 PM,21.79329,VEA
4/17/2016 12:00:00 AM,23.52350,PGAE
4/17/2016 12:00:00 AM,23.46072,SCE
4/17/2016 12:00:00 AM,23.79127,SDGE
4/17/2016 12:00:00 AM,22.71897,VEA
4/17/2016 1:00:00 AM,22.49402,PGAE
4/17/2016 1:00:00 AM,22.52117,SCE
4/17/2016 1:00:00 AM,22.72091,SDGE
4/17/2016 1:00:00 AM,21.72178,VEA
4/17/2016 2:00:00 AM,21.38160,PGAE
4/17/2016 2:00:00 AM,21.54842,SCE
4/17/2016 2:00:00 AM,21.89356,SDGE
4/17/2016 2:00:00 AM,20.90777,VEA
4/17/2016 3:00:00 AM,19.43684,PGAE
4/17/2016 3:00:00 AM,19.59230,SCE
4/17/2016 3:00:00 AM,19.87227,SDGE
4/17/2016 3:00:00 AM,19.00030,VEA
4/17/2016 4:00:00 AM,20.59414,PGAE
4/17/2016 4:00:00 AM,20.70000,SCE
4/17/2016 4:00:00 AM,20.97239,SDGE
4/17/2016 4:00:00 AM,20.05224,VEA
4/17/2016 5:00:00 AM,21.61616,PGAE
4/17/2016 5:00:00 AM,21.74120,SCE
4/17/2016 5:00:00 AM,22.06247,SDGE
4/17/2016 5:00:00 AM,21.06003,VEA
4/17/2016 6:00:00 AM,19.81702,PGAE
4/17/2016 6:00:00 AM,19.73000,SCE
4/17/2016 6:00:00 AM,20.06777,SDGE
4/17/2016 6:00:00 AM,19.17374,VEA
4/17/2016 7:00:00 AM,18.68382,PGAE
4/17/2016 7:00:00 AM,18.25186,SCE
4/17/2016 7:00:00 AM,18.48662,SDGE
4/17/2016 7:00:00 AM,17.60812,VEA
4/17/2016 8:00:00 AM,16.11035,PGAE
4/17/2016 8:00:00 AM,0.57719,SCE
4/17/2016 8:00:00 AM,1.04644,SDGE
4/17/2016 8:00:00 AM,1.50171,VEA
4/17/2016 9:00:00 AM,15.10000,PGAE
4/17/2016 9:00:00 AM,-0.78231,SCE
4/17/2016 9:00:00 AM,-0.21146,SDGE
4/17/2016 9:00:00 AM,0.18669,VEA
4/17/2016 10:00:00 AM,15.50113,PGAE
4/17/2016 10:00:00 AM,-1.62100,SCE
4/17/2016 10:00:00 AM,-1.00403,SDGE
4/17/2016 10:00:00 AM,-0.45799,VEA
4/17/2016 11:00:00 AM,14.40000,PGAE
4/17/2016 11:00:00 AM,-0.38920,SCE
4/17/2016 11:00:00 AM,0.18045,SDGE
4/17/2016 11:00:00 AM,0.57444,VEA
4/17/2016 12:00:00 PM,14.63122,PGAE
4/17/2016 12:00:00 PM,-0.18452,SCE
4/17/2016 12:00:00 PM,0.35974,SDGE
4/17/2016 12:00:00 PM,0.76504,VEA
4/17/2016 1:00:00 PM,15.38000,PGAE
4/17/2016 1:00:00 PM,2.55541,SCE
4/17/2016 1:00:00 PM,3.17340,SDGE
4/17/2016 1:00:00 PM,3.23755,VEA
4/17/2016 2:00:00 PM,18.15635,PGAE
4/17/2016 2:00:00 PM,6.82000,SCE
4/17/2016 2:00:00 PM,7.41810,SDGE
4/17/2016 2:00:00 PM,6.90313,VEA
4/17/2016 3:00:00 PM,17.65490,PGAE
4/17/2016 3:00:00 PM,17.31331,SCE
4/17/2016 3:00:00 PM,17.69299,SDGE
4/17/2016 3:00:00 PM,15.06409,VEA
4/17/2016 4:00:00 PM,19.94317,PGAE
4/17/2016 4:00:00 PM,19.77108,SCE
4/17/2016 4:00:00 PM,20.27068,SDGE
4/17/2016 4:00:00 PM,18.86637,VEA
4/17/2016 5:00:00 PM,23.21139,PGAE
4/17/2016 5:00:00 PM,23.20978,SCE
4/17/2016 5:00:00 PM,24.12396,SDGE
4/17/2016 5:00:00 PM,22.25947,VEA
4/17/2016 6:00:00 PM,27.23867,PGAE
4/17/2016 6:00:00 PM,27.73000,SCE
4/17/2016 6:00:00 PM,28.81480,SDGE
4/17/2016 6:00:00 PM,26.89087,VEA
4/17/2016 7:00:00 PM,36.93851,PGAE
4/17/2016 7:00:00 PM,37.92444,SCE
4/17/2016 7:00:00 PM,39.56138,SDGE
4/17/2016 7:00:00 PM,36.81433,VEA
4/17/2016 8:00:00 PM,42.25175,PGAE
4/17/2016 8:00:00 PM,43.27904,SCE
4/17/2016 8:00:00 PM,45.34836,SDGE
4/17/2016 8:00:00 PM,41.98526,VEA
4/17/2016 9:00:00 PM,32.18397,PGAE
4/17/2016 9:00:00 PM,32.99946,SCE
4/17/2016 9:00:00 PM,34.31604,SDGE
4/17/2016 9:00:00 PM,32.02677,VEA
4/17/2016 10:00:00 PM,25.43154,PGAE
4/17/2016 10:00:00 PM,26.04691,SCE
4/17/2016 10:00:00 PM,26.88880,SDGE
4/17/2016 10:00:00 PM,25.33672,VEA
4/17/2016 11:00:00 PM,21.75464,PGAE
4/17/2016 11:00:00 PM,22.12400,SCE
4/17/2016 11:00:00 PM,22.53623,SDGE
4/17/2016 11:00:00 PM,21.34210,VEA
4/18/2016 12:00:00 AM,21.62673,PGAE
4/18/2016 12:00:00 AM,21.40030,SCE
4/18/2016 12:00:00 AM,21.65798,SDGE
4/18/2016 12:00:00 AM,21.02957,VEA
4/18/2016 1:00:00 AM,20.06556,PGAE
4/18/2016 1:00:00 AM,19.77000,SCE
4/18/2016 1:00:00 AM,19.93586,SDGE
4/18/2016 1:00:00 AM,19.35378,VEA
4/18/2016 2:00:00 AM,18.69739,PGAE
4/18/2016 2:00:00 AM,18.46542,SCE
4/18/2016 2:00:00 AM,18.58382,SDGE
4/18/2016 2:00:00 AM,18.06102,VEA
4/18/2016 3:00:00 AM,18.74872,PGAE
4/18/2016 3:00:00 AM,18.43371,SCE
4/18/2016 3:00:00 AM,18.64986,SDGE
4/18/2016 3:00:00 AM,18.16418,VEA
4/18/2016 4:00:00 AM,18.68000,PGAE
4/18/2016 4:00:00 AM,18.66777,SCE
4/18/2016 4:00:00 AM,18.90856,SDGE
4/18/2016 4:00:00 AM,18.38218,VEA
4/18/2016 5:00:00 AM,22.63000,PGAE
4/18/2016 5:00:00 AM,22.80097,SCE
4/18/2016 5:00:00 AM,23.10325,SDGE
4/18/2016 5:00:00 AM,22.40777,VEA
4/18/2016 6:00:00 AM,29.51852,PGAE
4/18/2016 6:00:00 AM,29.62000,SCE
4/18/2016 6:00:00 AM,30.23644,SDGE
4/18/2016 6:00:00 AM,29.03684,VEA
4/18/2016 7:00:00 AM,26.80926,PGAE
4/18/2016 7:00:00 AM,26.45445,SCE
4/18/2016 7:00:00 AM,27.22991,SDGE
4/18/2016 7:00:00 AM,25.82579,VEA
4/18/2016 8:00:00 AM,21.45203,PGAE
4/18/2016 8:00:00 AM,20.90421,SCE
4/18/2016 8:00:00 AM,21.51000,SDGE
4/18/2016 8:00:00 AM,20.43619,VEA
4/18/2016 9:00:00 AM,17.89642,PGAE
4/18/2016 9:00:00 AM,15.08284,SCE
4/18/2016 9:00:00 AM,15.94081,SDGE
4/18/2016 9:00:00 AM,14.86291,VEA
4/18/2016 10:00:00 AM,17.70099,PGAE
4/18/2016 10:00:00 AM,17.39509,SCE
4/18/2016 10:00:00 AM,18.40951,SDGE
4/18/2016 10:00:00 AM,16.05468,VEA
4/18/2016 11:00:00 AM,19.64122,PGAE
4/18/2016 11:00:00 AM,19.28669,SCE
4/18/2016 11:00:00 AM,21.61766,SDGE
4/18/2016 11:00:00 AM,18.09878,VEA
4/18/2016 12:00:00 PM,20.54963,PGAE
4/18/2016 12:00:00 PM,20.20809,SCE
4/18/2016 12:00:00 PM,20.14636,SDGE
4/18/2016 12:00:00 PM,18.30663,VEA
4/18/2016 1:00:00 PM,23.05635,PGAE
4/18/2016 1:00:00 PM,22.60882,SCE
4/18/2016 1:00:00 PM,26.92000,SDGE
4/18/2016 1:00:00 PM,20.72026,VEA
4/18/2016 2:00:00 PM,24.56428,PGAE
4/18/2016 2:00:00 PM,24.13779,SCE
4/18/2016 2:00:00 PM,29.97000,SDGE
4/18/2016 2:00:00 PM,21.92600,VEA
4/18/2016 3:00:00 PM,25.81387,PGAE
4/18/2016 3:00:00 PM,25.40127,SCE
4/18/2016 3:00:00 PM,32.00000,SDGE
4/18/2016 3:00:00 PM,24.02821,VEA
4/18/2016 4:00:00 PM,26.79256,PGAE
4/18/2016 4:00:00 PM,26.53169,SCE
4/18/2016 4:00:00 PM,35.00000,SDGE
4/18/2016 4:00:00 PM,25.29394,VEA
4/18/2016 5:00:00 PM,29.28583,PGAE
4/18/2016 5:00:00 PM,29.16093,SCE
4/18/2016 5:00:00 PM,30.78403,SDGE
4/18/2016 5:00:00 PM,28.24837,VEA
4/18/2016 6:00:00 PM,34.45281,PGAE
4/18/2016 6:00:00 PM,35.13092,SCE
4/18/2016 6:00:00 PM,36.72894,SDGE
4/18/2016 6:00:00 PM,34.08791,VEA
4/18/2016 7:00:00 PM,40.72256,PGAE
4/18/2016 7:00:00 PM,42.23528,SCE
4/18/2016 7:00:00 PM,43.75573,SDGE
4/18/2016 7:00:00 PM,40.96552,VEA
4/18/2016 8:00:00 PM,41.37565,PGAE
4/18/2016 8:00:00 PM,42.48000,SCE
4/18/2016 8:00:00 PM,44.02985,SDGE
4/18/2016 8:00:00 PM,41.19782,VEA
4/18/2016 9:00:00 PM,30.94568,PGAE
4/18/2016 9:00:00 PM,31.33429,SCE
4/18/2016 9:00:00 PM,32.20070,SDGE
4/18/2016 9:00:00 PM,28.92768,VEA
4/18/2016 10:00:00 PM,25.63133,PGAE
4/18/2016 10:00:00 PM,25.94141,SCE
4/18/2016 10:00:00 PM,26.50985,SDGE
4/18/2016 10:00:00 PM,25.31912,VEA
4/18/2016 11:00:00 PM,20.63405,PGAE
4/18/2016 11:00:00 PM,20.54000,SCE
4/18/2016 11:00:00 PM,20.84172,SDGE
4/18/2016 11:00:00 PM,20.06779,VEA
4/19/2016 12:00:00 AM,19.24075,PGAE
4/19/2016 12:00:00 AM,19.21322,SCE
4/19/2016 12:00:00 AM,19.49371,SDGE
4/19/2016 12:00:00 AM,18.83668,VEA
4/19/2016 1:00:00 AM,18.55786,PGAE
4/19/2016 1:00:00 AM,18.62836,SCE
4/19/2016 1:00:00 AM,18.89429,SDGE
4/19/2016 1:00:00 AM,18.25828,VEA
4/19/2016 2:00:00 AM,15.97517,PGAE
4/19/2016 2:00:00 AM,15.95741,SCE
4/19/2016 2:00:00 AM,16.19367,SDGE
4/19/2016 2:00:00 AM,15.67166,VEA
4/19/2016 3:00:00 AM,15.69146,PGAE
4/19/2016 3:00:00 AM,15.68383,SCE
4/19/2016 3:00:00 AM,15.91754,SDGE
4/19/2016 3:00:00 AM,15.41875,VEA
4/19/2016 4:00:00 AM,16.84000,PGAE
4/19/2016 4:00:00 AM,16.87363,SCE
4/19/2016 4:00:00 AM,17.11640,SDGE
4/19/2016 4:00:00 AM,16.58704,VEA
4/19/2016 5:00:00 AM,21.69000,PGAE
4/19/2016 5:00:00 AM,21.85529,SCE
4/19/2016 5:00:00 AM,22.28668,SDGE
4/19/2016 5:00:00 AM,21.46311,VEA
4/19/2016 6:00:00 AM,27.91345,PGAE
4/19/2016 6:00:00 AM,28.36340,SCE
4/19/2016 6:00:00 AM,29.00322,SDGE
4/19/2016 6:00:00 AM,27.76022,VEA
4/19/2016 7:00:00 AM,25.03274,PGAE
4/19/2016 7:00:00 AM,25.33804,SCE
4/19/2016 7:00:00 AM,25.92870,SDGE
4/19/2016 7:00:00 AM,24.69436,VEA
4/19/2016 8:00:00 AM,20.97033,PGAE
4/19/2016 8:00:00 AM,20.87301,SCE
4/19/2016 8:00:00 AM,21.45551,SDGE
4/19/2016 8:00:00 AM,20.36851,VEA
4/19/2016 9:00:00 AM,18.81209,PGAE
4/19/2016 9:00:00 AM,18.48082,SCE
4/19/2016 9:00:00 AM,18.77200,SDGE
4/19/2016 9:00:00 AM,17.70008,VEA
4/19/2016 10:00:00 AM,18.81534,PGAE
4/19/2016 10:00:00 AM,18.43487,SCE
4/19/2016 10:00:00 AM,19.05000,SDGE
4/19/2016 10:00:00 AM,17.11823,VEA
4/19/2016 11:00:00 AM,19.56962,PGAE
4/19/2016 11:00:00 AM,19.46239,SCE
4/19/2016 11:00:00 AM,20.94775,SDGE
4/19/2016 11:00:00 AM,17.61597,VEA
4/19/2016 12:00:00 PM,20.55609,PGAE
4/19/2016 12:00:00 PM,20.62749,SCE
4/19/2016 12:00:00 PM,20.39178,SDGE
4/19/2016 12:00:00 PM,18.46544,VEA
4/19/2016 1:00:00 PM,22.31044,PGAE
4/19/2016 1:00:00 PM,22.39312,SCE
4/19/2016 1:00:00 PM,28.92000,SDGE
4/19/2016 1:00:00 PM,20.28758,VEA
4/19/2016 2:00:00 PM,22.28230,PGAE
4/19/2016 2:00:00 PM,22.43686,SCE
4/19/2016 2:00:00 PM,28.88364,SDGE
4/19/2016 2:00:00 PM,20.51884,VEA
4/19/2016 3:00:00 PM,24.48737,PGAE
4/19/2016 3:00:00 PM,24.65137,SCE
4/19/2016 3:00:00 PM,35.62416,SDGE
4/19/2016 3:00:00 PM,23.39382,VEA
4/19/2016 4:00:00 PM,25.26465,PGAE
4/19/2016 4:00:00 PM,25.47987,SCE
4/19/2016 4:00:00 PM,34.05757,SDGE
4/19/2016 4:00:00 PM,24.22393,VEA
4/19/2016 5:00:00 PM,26.30339,PGAE
4/19/2016 5:00:00 PM,26.27157,SCE
4/19/2016 5:00:00 PM,33.50379,SDGE
4/19/2016 5:00:00 PM,25.18449,VEA
4/19/2016 6:00:00 PM,29.83462,PGAE
4/19/2016 6:00:00 PM,29.97737,SCE
4/19/2016 6:00:00 PM,31.45962,SDGE
4/19/2016 6:00:00 PM,28.89562,VEA
4/19/2016 7:00:00 PM,37.45765,PGAE
4/19/2016 7:00:00 PM,38.16553,SCE
4/19/2016 7:00:00 PM,54.57947,SDGE
4/19/2016 7:00:00 PM,36.78349,VEA
4/19/2016 8:00:00 PM,36.90777,PGAE
4/19/2016 8:00:00 PM,37.63490,SCE
4/19/2016 8:00:00 PM,39.35204,SDGE
4/19/2016 8:00:00 PM,36.24323,VEA
4/19/2016 9:00:00 PM,27.98230,PGAE
4/19/2016 9:00:00 PM,28.38187,SCE
4/19/2016 9:00:00 PM,29.39813,SDGE
4/19/2016 9:00:00 PM,27.34867,VEA
4/19/2016 10:00:00 PM,24.21895,PGAE
4/19/2016 10:00:00 PM,24.29930,SCE
4/19/2016 10:00:00 PM,24.94502,SDGE
4/19/2016 10:00:00 PM,23.70942,VEA
4/19/2016 11:00:00 PM,20.51071,PGAE
4/19/2016 11:00:00 PM,20.86552,SCE
4/19/2016 11:00:00 PM,21.48726,SDGE
4/19/2016 11:00:00 PM,20.39300,VEA
4/20/2016 12:00:00 AM,18.59936,PGAE
4/20/2016 12:00:00 AM,18.61434,SCE
4/20/2016 12:00:00 AM,19.00516,SDGE
4/20/2016 12:00:00 AM,18.23654,VEA
4/20/2016 1:00:00 AM,16.68522,PGAE
4/20/2016 1:00:00 AM,16.72145,SCE
4/20/2016 1:00:00 AM,17.03389,SDGE
4/20/2016 1:00:00 AM,16.38060,VEA
4/20/2016 2:00:00 AM,15.57513,PGAE
4/20/2016 2:00:00 AM,15.61739,SCE
4/20/2016 2:00:00 AM,15.92171,SDGE
4/20/2016 2:00:00 AM,15.32867,VEA
4/20/2016 3:00:00 AM,16.49261,PGAE
4/20/2016 3:00:00 AM,16.31038,SCE
4/20/2016 3:00:00 AM,16.60303,SDGE
4/20/2016 3:00:00 AM,16.03080,VEA
4/20/2016 4:00:00 AM,16.83448,PGAE
4/20/2016 4:00:00 AM,16.70429,SCE
4/20/2016 4:00:00 AM,17.02066,SDGE
4/20/2016 4:00:00 AM,16.41470,VEA
4/20/2016 5:00:00 AM,21.97382,PGAE
4/20/2016 5:00:00 AM,22.03987,SCE
4/20/2016 5:00:00 AM,22.50967,SDGE
4/20/2016 5:00:00 AM,21.64955,VEA
4/20/2016 6:00:00 AM,27.20291,PGAE
4/20/2016 6:00:00 AM,27.29416,SCE
4/20/2016 6:00:00 AM,28.04998,SDGE
4/20/2016 6:00:00 AM,26.74025,VEA
4/20/2016 7:00:00 AM,26.97825,PGAE
4/20/2016 7:00:00 AM,26.60395,SCE
4/20/2016 7:00:00 AM,27.27696,SDGE
4/20/2016 7:00:00 AM,25.94703,VEA
4/20/2016 8:00:00 AM,23.72570,PGAE
4/20/2016 8:00:00 AM,23.22110,SCE
4/20/2016 8:00:00 AM,23.76326,SDGE
4/20/2016 8:00:00 AM,22.61558,VEA
4/20/2016 9:00:00 AM,20.80163,PGAE
4/20/2016 9:00:00 AM,16.21579,SCE
4/20/2016 9:00:00 AM,16.67319,SDGE
4/20/2016 9:00:00 AM,15.71850,VEA
4/20/2016 10:00:00 AM,19.78282,PGAE
4/20/2016 10:00:00 AM,14.92748,SCE
4/20/2016 10:00:00 AM,15.10295,SDGE
4/20/2016 10:00:00 AM,14.05293,VEA
4/20/2016 11:00:00 AM,20.70903,PGAE
4/20/2016 11:00:00 AM,20.26765,SCE
4/20/2016 11:00:00 AM,23.93448,SDGE
4/20/2016 11:00:00 AM,18.40712,VEA
4/20/2016 12:00:00 PM,20.90162,PGAE
4/20/2016 12:00:00 PM,20.73695,SCE
4/20/2016 12:00:00 PM,27.52811,SDGE
4/20/2016 12:00:00 PM,18.86666,VEA
4/20/2016 1:00:00 PM,22.06672,PGAE
4/20/2016 1:00:00 PM,21.87097,SCE
4/20/2016 1:00:00 PM,33.81071,SDGE
4/20/2016 1:00:00 PM,19.86850,VEA
4/20/2016 2:00:00 PM,22.08477,PGAE
4/20/2016 2:00:00 PM,21.86693,SCE
4/20/2016 2:00:00 PM,33.64824,SDGE
4/20/2016 2:00:00 PM,19.96130,VEA
4/20/2016 3:00:00 PM,24.31038,PGAE
4/20/2016 3:00:00 PM,24.27629,SCE
4/20/2016 3:00:00 PM,41.06764,SDGE
4/20/2016 3:00:00 PM,22.17345,VEA
4/20/2016 4:00:00 PM,25.99635,PGAE
4/20/2016 4:00:00 PM,25.91569,SCE
4/20/2016 4:00:00 PM,45.46462,SDGE
4/20/2016 4:00:00 PM,24.61730,VEA
4/20/2016 5:00:00 PM,26.88162,PGAE
4/20/2016 5:00:00 PM,26.83851,SCE
4/20/2016 5:00:00 PM,46.06632,SDGE
4/20/2016 5:00:00 PM,25.63132,VEA
4/20/2016 6:00:00 PM,30.13493,PGAE
4/20/2016 6:00:00 PM,30.16822,SCE
4/20/2016 6:00:00 PM,32.07043,SDGE
4/20/2016 6:00:00 PM,29.01792,VEA
4/20/2016 7:00:00 PM,35.25012,PGAE
4/20/2016 7:00:00 PM,41.20000,SCE
4/20/2016 7:00:00 PM,45.32528,SDGE
4/20/2016 7:00:00 PM,32.94948,VEA
4/20/2016 8:00:00 PM,36.91486,PGAE
4/20/2016 8:00:00 PM,42.20000,SCE
4/20/2016 8:00:00 PM,44.89120,SDGE
4/20/2016 8:00:00 PM,35.00797,VEA
4/20/2016 9:00:00 PM,27.45510,PGAE
4/20/2016 9:00:00 PM,27.89919,SCE
4/20/2016 9:00:00 PM,28.85156,SDGE
4/20/2016 9:00:00 PM,26.87463,VEA
4/20/2016 10:00:00 PM,25.32227,PGAE
4/20/2016 10:00:00 PM,25.32104,SCE
4/20/2016 10:00:00 PM,26.02658,SDGE
4/20/2016 10:00:00 PM,24.77284,VEA
4/20/2016 11:00:00 PM,21.65436,PGAE
4/20/2016 11:00:00 PM,21.71304,SCE
4/20/2016 11:00:00 PM,22.35384,SDGE
4/20/2016 11:00:00 PM,21.25254,VEA
4/21/2016 12:00:00 AM,21.11036,PGAE
4/21/2016 12:00:00 AM,21.15236,SCE
4/21/2016 12:00:00 AM,21.60424,SDGE
4/21/2016 12:00:00 AM,20.72290,VEA
4/21/2016 1:00:00 AM,19.94219,PGAE
4/21/2016 1:00:00 AM,19.99374,SCE
4/21/2016 1:00:00 AM,20.37595,SDGE
4/21/2016 1:00:00 AM,19.60755,VEA
4/21/2016 2:00:00 AM,17.24262,PGAE
4/21/2016 2:00:00 AM,17.11500,SCE
4/21/2016 2:00:00 AM,17.44820,SDGE
4/21/2016 2:00:00 AM,16.81444,VEA
4/21/2016 3:00:00 AM,17.39270,PGAE
4/21/2016 3:00:00 AM,17.16639,SCE
4/21/2016 3:00:00 AM,17.46856,SDGE
4/21/2016 3:00:00 AM,16.88149,VEA
4/21/2016 4:00:00 AM,19.46812,PGAE
4/21/2016 4:00:00 AM,19.29648,SCE
4/21/2016 4:00:00 AM,19.66474,SDGE
4/21/2016 4:00:00 AM,18.98250,VEA
4/21/2016 5:00:00 AM,23.55877,PGAE
4/21/2016 5:00:00 AM,23.51522,SCE
4/21/2016 5:00:00 AM,24.04017,SDGE
4/21/2016 5:00:00 AM,23.10524,VEA
4/21/2016 6:00:00 AM,31.62541,PGAE
4/21/2016 6:00:00 AM,31.72092,SCE
4/21/2016 6:00:00 AM,32.60178,SDGE
4/21/2016 6:00:00 AM,31.05173,VEA
4/21/2016 7:00:00 AM,28.68287,PGAE
4/21/2016 7:00:00 AM,28.51720,SCE
4/21/2016 7:00:00 AM,29.34588,SDGE
4/21/2016 7:00:00 AM,27.83526,VEA
4/21/2016 8:00:00 AM,24.45556,PGAE
4/21/2016 8:00:00 AM,24.02845,SCE
4/21/2016 8:00:00 AM,24.79260,SDGE
4/21/2016 8:00:00 AM,23.39044,VEA
4/21/2016 9:00:00 AM,22.25433,PGAE
4/21/2016 9:00:00 AM,21.59754,SCE
4/21/2016 9:00:00 AM,22.40149,SDGE
4/21/2016 9:00:00 AM,21.03727,VEA
4/21/2016 10:00:00 AM,20.83269,PGAE
4/21/2016 10:00:00 AM,20.14443,SCE
4/21/2016 10:00:00 AM,21.05401,SDGE
4/21/2016 10:00:00 AM,19.58071,VEA
4/21/2016 11:00:00 AM,21.67854,PGAE
4/21/2016 11:00:00 AM,21.14023,SCE
4/21/2016 11:00:00 AM,23.86787,SDGE
4/21/2016 11:00:00 AM,20.14380,VEA
4/21/2016 12:00:00 PM,21.20822,PGAE
4/21/2016 12:00:00 PM,20.89824,SCE
4/21/2016 12:00:00 PM,24.09244,SDGE
4/21/2016 12:00:00 PM,10.50000,VEA
4/21/2016 1:00:00 PM,21.97757,PGAE
4/21/2016 1:00:00 PM,21.78155,SCE
4/21/2016 1:00:00 PM,25.54602,SDGE
4/21/2016 1:00:00 PM,10.50000,VEA
4/21/2016 2:00:00 PM,21.52688,PGAE
4/21/2016 2:00:00 PM,22.39415,SCE
4/21/2016 2:00:00 PM,24.78209,SDGE
4/21/2016 2:00:00 PM,19.76494,VEA
4/21/2016 3:00:00 PM,23.55856,PGAE
4/21/2016 3:00:00 PM,23.39353,SCE
4/21/2016 3:00:00 PM,26.47000,SDGE
4/21/2016 3:00:00 PM,22.45199,VEA
4/21/2016 4:00:00 PM,25.45951,PGAE
4/21/2016 4:00:00 PM,25.63362,SCE
4/21/2016 4:00:00 PM,30.29000,SDGE
4/21/2016 4:00:00 PM,24.66562,VEA
4/21/2016 5:00:00 PM,26.00905,PGAE
4/21/2016 5:00:00 PM,26.18319,SCE
4/21/2016 5:00:00 PM,28.35784,SDGE
4/21/2016 5:00:00 PM,26.06062,VEA
4/21/2016 6:00:00 PM,28.69997,PGAE
4/21/2016 6:00:00 PM,29.46210,SCE
4/21/2016 6:00:00 PM,31.11230,SDGE
4/21/2016 6:00:00 PM,29.64945,VEA
4/21/2016 7:00:00 PM,37.18691,PGAE
4/21/2016 7:00:00 PM,41.00326,SCE
4/21/2016 7:00:00 PM,43.65708,SDGE
4/21/2016 7:00:00 PM,37.71977,VEA
4/21/2016 8:00:00 PM,39.08178,PGAE
4/21/2016 8:00:00 PM,43.83438,SCE
4/21/2016 8:00:00 PM,46.66635,SDGE
4/21/2016 8:00:00 PM,38.64286,VEA
4/21/2016 9:00:00 PM,28.28804,PGAE
4/21/2016 9:00:00 PM,29.12541,SCE
4/21/2016 9:00:00 PM,30.36574,SDGE
4/21/2016 9:00:00 PM,28.56880,VEA
4/21/2016 10:00:00 PM,26.29389,PGAE
4/21/2016 10:00:00 PM,26.66571,SCE
4/21/2016 10:00:00 PM,27.71009,SDGE
4/21/2016 10:00:00 PM,26.13785,VEA
4/21/2016 11:00:00 PM,23.01838,PGAE
4/21/2016 11:00:00 PM,22.94203,SCE
4/21/2016 11:00:00 PM,23.62811,SDGE
4/21/2016 11:00:00 PM,22.58288,VEA
4/22/2016 12:00:00 AM,22.55421,PGAE
4/22/2016 12:00:00 AM,22.51000,SCE
4/22/2016 12:00:00 AM,23.03564,SDGE
4/22/2016 12:00:00 AM,22.13551,VEA
4/22/2016 1:00:00 AM,20.55292,PGAE
4/22/2016 1:00:00 AM,20.45656,SCE
4/22/2016 1:00:00 AM,20.89984,SDGE
4/22/2016 1:00:00 AM,20.13231,VEA
4/22/2016 2:00:00 AM,19.40347,PGAE
4/22/2016 2:00:00 AM,19.17141,SCE
4/22/2016 2:00:00 AM,19.59020,SDGE
4/22/2016 2:00:00 AM,18.89737,VEA
4/22/2016 3:00:00 AM,18.04031,PGAE
4/22/2016 3:00:00 AM,17.79603,SCE
4/22/2016 3:00:00 AM,18.15742,SDGE
4/22/2016 3:00:00 AM,17.55762,VEA
4/22/2016 4:00:00 AM,18.27759,PGAE
4/22/2016 4:00:00 AM,18.04157,SCE
4/22/2016 4:00:00 AM,18.38972,SDGE
4/22/2016 4:00:00 AM,17.79995,VEA
4/22/2016 5:00:00 AM,23.06034,PGAE
4/22/2016 5:00:00 AM,22.89502,SCE
4/22/2016 5:00:00 AM,23.40756,SDGE
4/22/2016 5:00:00 AM,22.56387,VEA
4/22/2016 6:00:00 AM,29.32174,PGAE
4/22/2016 6:00:00 AM,29.23322,SCE
4/22/2016 6:00:00 AM,29.92632,SDGE
4/22/2016 6:00:00 AM,28.62407,VEA
4/22/2016 7:00:00 AM,27.86397,PGAE
4/22/2016 7:00:00 AM,27.62357,SCE
4/22/2016 7:00:00 AM,31.92109,SDGE
4/22/2016 7:00:00 AM,26.96509,VEA
4/22/2016 8:00:00 AM,23.13212,PGAE
4/22/2016 8:00:00 AM,22.50207,SCE
4/22/2016 8:00:00 AM,24.44208,SDGE
4/22/2016 8:00:00 AM,23.75586,VEA
4/22/2016 9:00:00 AM,20.36201,PGAE
4/22/2016 9:00:00 AM,14.65668,SCE
4/22/2016 9:00:00 AM,19.07212,SDGE
4/22/2016 9:00:00 AM,14.66401,VEA
4/22/2016 10:00:00 AM,17.79424,PGAE
4/22/2016 10:00:00 AM,9.06233,SCE
4/22/2016 10:00:00 AM,27.65000,SDGE
4/22/2016 10:00:00 AM,9.38340,VEA
4/22/2016 11:00:00 AM,16.77707,PGAE
4/22/2016 11:00:00 AM,9.95667,SCE
4/22/2016 11:00:00 AM,27.65000,SDGE
4/22/2016 11:00:00 AM,10.10000,VEA
4/22/2016 12:00:00 PM,16.67998,PGAE
4/22/2016 12:00:00 PM,10.00021,SCE
4/22/2016 12:00:00 PM,27.65258,SDGE
4/22/2016 12:00:00 PM,10.12883,VEA
4/22/2016 1:00:00 PM,16.43173,PGAE
4/22/2016 1:00:00 PM,9.60604,SCE
4/22/2016 1:00:00 PM,32.61375,SDGE
4/22/2016 1:00:00 PM,9.75762,VEA
4/22/2016 2:00:00 PM,15.30829,PGAE
4/22/2016 2:00:00 PM,10.35777,SCE
4/22/2016 2:00:00 PM,26.26603,SDGE
4/22/2016 2:00:00 PM,10.20403,VEA
4/22/2016 3:00:00 PM,16.50282,PGAE
4/22/2016 3:00:00 PM,13.67776,SCE
4/22/2016 3:00:00 PM,26.08207,SDGE
4/22/2016 3:00:00 PM,13.21589,VEA
4/22/2016 4:00:00 PM,18.90100,PGAE
4/22/2016 4:00:00 PM,17.49862,SCE
4/22/2016 4:00:00 PM,22.49812,SDGE
4/22/2016 4:00:00 PM,18.33249,VEA
4/22/2016 5:00:00 PM,19.11417,PGAE
4/22/2016 5:00:00 PM,18.68349,SCE
4/22/2016 5:00:00 PM,19.46313,SDGE
4/22/2016 5:00:00 PM,18.29189,VEA
4/22/2016 6:00:00 PM,24.90264,PGAE
4/22/2016 6:00:00 PM,25.00000,SCE
4/22/2016 6:00:00 PM,26.05975,SDGE
4/22/2016 6:00:00 PM,24.58967,VEA
4/22/2016 7:00:00 PM,32.20397,PGAE
4/22/2016 7:00:00 PM,35.51000,SCE
4/22/2016 7:00:00 PM,37.39128,SDGE
4/22/2016 7:00:00 PM,31.80377,VEA
4/22/2016 8:00:00 PM,34.78842,PGAE
4/22/2016 8:00:00 PM,39.96819,SCE
4/22/2016 8:00:00 PM,42.29320,SDGE
4/22/2016 8:00:00 PM,33.60051,VEA
4/22/2016 9:00:00 PM,27.87987,PGAE
4/22/2016 9:00:00 PM,28.10000,SCE
4/22/2016 9:00:00 PM,29.03500,SDGE
4/22/2016 9:00:00 PM,27.48054,VEA
4/22/2016 10:00:00 PM,24.67460,PGAE
4/22/2016 10:00:00 PM,24.32449,SCE
4/22/2016 10:00:00 PM,25.04010,SDGE
4/22/2016 10:00:00 PM,23.83802,VEA
4/22/2016 11:00:00 PM,19.94000,PGAE
4/22/2016 11:00:00 PM,19.68258,SCE
4/22/2016 11:00:00 PM,20.11904,SDGE
4/22/2016 11:00:00 PM,19.33824,VEA
4/23/2016 12:00:00 AM,21.13411,PGAE
4/23/2016 12:00:00 AM,20.87517,SCE
4/23/2016 12:00:00 AM,21.24820,SDGE
4/23/2016 12:00:00 AM,20.52904,VEA
4/23/2016 1:00:00 AM,20.12327,PGAE
4/23/2016 1:00:00 AM,19.93897,SCE
4/23/2016 1:00:00 AM,20.32130,SDGE
4/23/2016 1:00:00 AM,19.60057,VEA
4/23/2016 2:00:00 AM,19.08374,PGAE
4/23/2016 2:00:00 AM,18.68827,SCE
4/23/2016 2:00:00 AM,19.04489,SDGE
4/23/2016 2:00:00 AM,18.38654,VEA
4/23/2016 3:00:00 AM,19.12379,PGAE
4/23/2016 3:00:00 AM,18.67569,SCE
4/23/2016 3:00:00 AM,19.04067,SDGE
4/23/2016 3:00:00 AM,18.38437,VEA
4/23/2016 4:00:00 AM,18.97079,PGAE
4/23/2016 4:00:00 AM,18.52582,SCE
4/23/2016 4:00:00 AM,18.88503,SDGE
4/23/2016 4:00:00 AM,18.21194,VEA
4/23/2016 5:00:00 AM,20.56745,PGAE
4/23/2016 5:00:00 AM,20.10354,SCE
4/23/2016 5:00:00 AM,20.54938,SDGE
4/23/2016 5:00:00 AM,19.78920,VEA
4/23/2016 6:00:00 AM,20.19294,PGAE
4/23/2016 6:00:00 AM,19.57335,SCE
4/23/2016 6:00:00 AM,20.11652,SDGE
4/23/2016 6:00:00 AM,19.21811,VEA
4/23/2016 7:00:00 AM,15.50179,PGAE
4/23/2016 7:00:00 AM,14.85000,SCE
4/23/2016 7:00:00 AM,15.26044,SDGE
4/23/2016 7:00:00 AM,14.56636,VEA
4/23/2016 8:00:00 AM,14.77000,PGAE
4/23/2016 8:00:00 AM,0.87651,SCE
4/23/2016 8:00:00 AM,1.88292,SDGE
4/23/2016 8:00:00 AM,1.80201,VEA
4/23/2016 9:00:00 AM,14.74908,PGAE
4/23/2016 9:00:00 AM,-0.22861,SCE
4/23/2016 9:00:00 AM,1.55818,SDGE
4/23/2016 9:00:00 AM,0.70927,VEA
4/23/2016 10:00:00 AM,14.15246,PGAE
4/23/2016 10:00:00 AM,-5.49738,SCE
4/23/2016 10:00:00 AM,-3.70309,SDGE
4/23/2016 10:00:00 AM,-4.14344,VEA
4/23/2016 11:00:00 AM,15.24838,PGAE
4/23/2016 11:00:00 AM,-5.32002,SCE
4/23/2016 11:00:00 AM,-3.90210,SDGE
4/23/2016 11:00:00 AM,-3.87739,VEA
4/23/2016 12:00:00 PM,13.69000,PGAE
4/23/2016 12:00:00 PM,-5.26505,SCE
4/23/2016 12:00:00 PM,-4.67894,SDGE
4/23/2016 12:00:00 PM,-3.94563,VEA
4/23/2016 1:00:00 PM,14.33394,PGAE
4/23/2016 1:00:00 PM,-6.21650,SCE
4/23/2016 1:00:00 PM,-5.62978,SDGE
4/23/2016 1:00:00 PM,-4.76983,VEA
4/23/2016 2:00:00 PM,13.38048,PGAE
4/23/2016 2:00:00 PM,-5.50574,SCE
4/23/2016 2:00:00 PM,-4.93603,SDGE
4/23/2016 2:00:00 PM,-4.15682,VEA
4/23/2016 3:00:00 PM,15.04320,PGAE
4/23/2016 3:00:00 PM,-0.97443,SCE
4/23/2016 3:00:00 PM,0.98546,SDGE
4/23/2016 3:00:00 PM,0.10761,VEA
4/23/2016 4:00:00 PM,13.19611,PGAE
4/23/2016 4:00:00 PM,-0.30752,SCE
4/23/2016 4:00:00 PM,1.26584,SDGE
4/23/2016 4:00:00 PM,0.58267,VEA
4/23/2016 5:00:00 PM,14.05476,PGAE
4/23/2016 5:00:00 PM,1.42510,SCE
4/23/2016 5:00:00 PM,2.15572,SDGE
4/23/2016 5:00:00 PM,2.18130,VEA
4/23/2016 6:00:00 PM,21.53790,PGAE
4/23/2016 6:00:00 PM,21.18858,SCE
4/23/2016 6:00:00 PM,21.99740,SDGE
4/23/2016 6:00:00 PM,20.86086,VEA
4/23/2016 7:00:00 PM,29.21591,PGAE
4/23/2016 7:00:00 PM,29.04051,SCE
4/23/2016 7:00:00 PM,30.21127,SDGE
4/23/2016 7:00:00 PM,28.58297,VEA
4/23/2016 8:00:00 PM,36.79821,PGAE
4/23/2016 8:00:00 PM,36.82191,SCE
4/23/2016 8:00:00 PM,38.27772,SDGE
4/23/2016 8:00:00 PM,36.12375,VEA
4/23/2016 9:00:00 PM,26.37842,PGAE
4/23/2016 9:00:00 PM,26.17684,SCE
4/23/2016 9:00:00 PM,27.04022,SDGE
4/23/2016 9:00:00 PM,25.61469,VEA
4/23/2016 10:00:00 PM,23.53859,PGAE
4/23/2016 10:00:00 PM,23.31010,SCE
4/23/2016 10:00:00 PM,23.98355,SDGE
4/23/2016 10:00:00 PM,22.83403,VEA
4/23/2016 11:00:00 PM,17.83767,PGAE
4/23/2016 11:00:00 PM,17.66000,SCE
4/23/2016 11:00:00 PM,18.07055,SDGE
4/23/2016 11:00:00 PM,17.33515,VEA
4/24/2016 12:00:00 AM,16.12309,PGAE
4/24/2016 12:00:00 AM,16.03314,SCE
4/24/2016 12:00:00 AM,16.39289,SDGE
4/24/2016 12:00:00 AM,15.79063,VEA
4/24/2016 1:00:00 AM,18.17805,PGAE
4/24/2016 1:00:00 AM,17.94699,SCE
4/24/2016 1:00:00 AM,18.35200,SDGE
4/24/2016 1:00:00 AM,17.67338,VEA
4/24/2016 2:00:00 AM,15.61429,PGAE
4/24/2016 2:00:00 AM,15.29809,SCE
4/24/2016 2:00:00 AM,15.63724,SDGE
4/24/2016 2:00:00 AM,15.10479,VEA
4/24/2016 3:00:00 AM,14.19959,PGAE
4/24/2016 3:00:00 AM,13.89125,SCE
4/24/2016 3:00:00 AM,14.19268,SDGE
4/24/2016 3:00:00 AM,13.73002,VEA
4/24/2016 4:00:00 AM,15.16641,PGAE
4/24/2016 4:00:00 AM,14.75910,SCE
4/24/2016 4:00:00 AM,15.05970,SDGE
4/24/2016 4:00:00 AM,14.58573,VEA
4/24/2016 5:00:00 AM,16.17017,PGAE
4/24/2016 5:00:00 AM,15.65603,SCE
4/24/2016 5:00:00 AM,15.98613,SDGE
4/24/2016 5:00:00 AM,15.47334,VEA
4/24/2016 6:00:00 AM,18.88954,PGAE
4/24/2016 6:00:00 AM,18.30000,SCE
4/24/2016 6:00:00 AM,18.67336,SDGE
4/24/2016 6:00:00 AM,17.96162,VEA
4/24/2016 7:00:00 AM,12.28775,PGAE
4/24/2016 7:00:00 AM,11.63342,SCE
4/24/2016 7:00:00 AM,11.82986,SDGE
4/24/2016 7:00:00 AM,11.42438,VEA
4/24/2016 8:00:00 AM,8.17016,PGAE
4/24/2016 8:00:00 AM,-0.11931,SCE
4/24/2016 8:00:00 AM,0.58448,SDGE
4/24/2016 8:00:00 AM,0.37783,VEA
4/24/2016 9:00:00 AM,11.50000,PGAE
4/24/2016 9:00:00 AM,-1.48238,SCE
4/24/2016 9:00:00 AM,-0.70978,SDGE
4/24/2016 9:00:00 AM,-0.65289,VEA
4/24/2016 10:00:00 AM,11.48000,PGAE
4/24/2016 10:00:00 AM,-10.26329,SCE
4/24/2016 10:00:00 AM,-9.23390,SDGE
4/24/2016 10:00:00 AM,-8.72728,VEA
4/24/2016 11:00:00 AM,10.74137,PGAE
4/24/2016 11:00:00 AM,-3.78608,SCE
4/24/2016 11:00:00 AM,-3.08791,SDGE
4/24/2016 11:00:00 AM,-2.85408,VEA
4/24/2016 12:00:00 PM,10.01156,PGAE
4/24/2016 12:00:00 PM,-3.98845,SCE
4/24/2016 12:00:00 PM,-3.26068,SDGE
4/24/2016 12:00:00 PM,-3.06798,VEA
4/24/2016 1:00:00 PM,6.22222,PGAE
4/24/2016 1:00:00 PM,-5.30691,SCE
4/24/2016 1:00:00 PM,-4.65607,SDGE
4/24/2016 1:00:00 PM,-4.52720,VEA
4/24/2016 2:00:00 PM,0.34598,PGAE
4/24/2016 2:00:00 PM,-0.00313,SCE
4/24/2016 2:00:00 PM,0.25185,SDGE
4/24/2016 2:00:00 PM,0.00095,VEA
4/24/2016 3:00:00 PM,1.94503,PGAE
4/24/2016 3:00:00 PM,-0.05764,SCE
4/24/2016 3:00:00 PM,0.25995,SDGE
4/24/2016 3:00:00 PM,0.06762,VEA
4/24/2016 4:00:00 PM,2.00092,PGAE
4/24/2016 4:00:00 PM,0.35551,SCE
4/24/2016 4:00:00 PM,0.69656,SDGE
4/24/2016 4:00:00 PM,0.44996,VEA
4/24/2016 5:00:00 PM,5.76209,PGAE
4/24/2016 5:00:00 PM,5.35842,SCE
4/24/2016 5:00:00 PM,5.72253,SDGE
4/24/2016 5:00:00 PM,5.23046,VEA
4/24/2016 6:00:00 PM,20.21880,PGAE
4/24/2016 6:00:00 PM,19.97207,SCE
4/24/2016 6:00:00 PM,20.54599,SDGE
4/24/2016 6:00:00 PM,19.63117,VEA
4/24/2016 7:00:00 PM,31.77076,PGAE
4/24/2016 7:00:00 PM,32.00000,SCE
4/24/2016 7:00:00 PM,32.99517,SDGE
4/24/2016 7:00:00 PM,31.45431,VEA
4/24/2016 8:00:00 PM,40.26000,PGAE
4/24/2016 8:00:00 PM,40.32104,SCE
4/24/2016 8:00:00 PM,41.58161,SDGE
4/24/2016 8:00:00 PM,39.54852,VEA
4/24/2016 9:00:00 PM,28.41653,PGAE
4/24/2016 9:00:00 PM,28.45051,SCE
4/24/2016 9:00:00 PM,29.22384,SDGE
4/24/2016 9:00:00 PM,27.84961,VEA
4/24/2016 10:00:00 PM,24.66086,PGAE
4/24/2016 10:00:00 PM,24.42591,SCE
4/24/2016 10:00:00 PM,25.00000,SDGE
4/24/2016 10:00:00 PM,23.92374,VEA
4/24/2016 11:00:00 PM,19.16391,PGAE
4/24/2016 11:00:00 PM,18.72881,SCE
4/24/2016 11:00:00 PM,19.09761,SDGE
4/24/2016 11:00:00 PM,18.40734,VEA
4/25/2016 12:00:00 AM,14.97581,PGAE
4/25/2016 12:00:00 AM,9.34298,SCE
4/25/2016 12:00:00 AM,9.64120,SDGE
4/25/2016 12:00:00 AM,9.53122,VEA
4/25/2016 1:00:00 AM,13.29352,PGAE
4/25/2016 1:00:00 AM,9.85610,SCE
4/25/2016 1:00:00 AM,10.06472,SDGE
4/25/2016 1:00:00 AM,9.87783,VEA
4/25/2016 2:00:00 AM,12.24310,PGAE
4/25/2016 2:00:00 AM,4.90451,SCE
4/25/2016 2:00:00 AM,5.17156,SDGE
4/25/2016 2:00:00 AM,5.27031,VEA
4/25/2016 3:00:00 AM,10.90254,PGAE
4/25/2016 3:00:00 AM,2.10982,SCE
4/25/2016 3:00:00 AM,2.38596,SDGE
4/25/2016 3:00:00 AM,2.60907,VEA
4/25/2016 4:00:00 AM,13.04610,PGAE
4/25/2016 4:00:00 AM,8.39011,SCE
4/25/2016 4:00:00 AM,8.61850,SDGE
4/25/2016 4:00:00 AM,8.52539,VEA
4/25/2016 5:00:00 AM,18.50000,PGAE
4/25/2016 5:00:00 AM,17.69460,SCE
4/25/2016 5:00:00 AM,17.91195,SDGE
4/25/2016 5:00:00 AM,17.40711,VEA
4/25/2016 6:00:00 AM,28.13542,PGAE
4/25/2016 6:00:00 AM,27.58773,SCE
4/25/2016 6:00:00 AM,28.10145,SDGE
4/25/2016 6:00:00 AM,27.13779,VEA
4/25/2016 7:00:00 AM,25.01732,PGAE
4/25/2016 7:00:00 AM,24.49000,SCE
4/25/2016 7:00:00 AM,24.97757,SDGE
4/25/2016 7:00:00 AM,23.74905,VEA
4/25/2016 8:00:00 AM,18.44115,PGAE
4/25/2016 8:00:00 AM,5.47722,SCE
4/25/2016 8:00:00 AM,6.01415,SDGE
4/25/2016 8:00:00 AM,5.92441,VEA
4/25/2016 9:00:00 AM,18.09719,PGAE
4/25/2016 9:00:00 AM,1.17853,SCE
4/25/2016 9:00:00 AM,2.62990,SDGE
4/25/2016 9:00:00 AM,1.98964,VEA
4/25/2016 10:00:00 AM,16.59269,PGAE
4/25/2016 10:00:00 AM,0.31314,SCE
4/25/2016 10:00:00 AM,1.16380,SDGE
4/25/2016 10:00:00 AM,1.12915,VEA
4/25/2016 11:00:00 AM,15.39952,PGAE
4/25/2016 11:00:00 AM,1.11815,SCE
4/25/2016 11:00:00 AM,2.23459,SDGE
4/25/2016 11:00:00 AM,1.82410,VEA
4/25/2016 12:00:00 PM,14.03000,PGAE
4/25/2016 12:00:00 PM,0.85985,SCE
4/25/2016 12:00:00 PM,1.99513,SDGE
4/25/2016 12:00:00 PM,1.61472,VEA
4/25/2016 1:00:00 PM,14.39000,PGAE
4/25/2016 1:00:00 PM,2.25000,SCE
4/25/2016 1:00:00 PM,3.31686,SDGE
4/25/2016 1:00:00 PM,2.95297,VEA
4/25/2016 2:00:00 PM,13.97168,PGAE
4/25/2016 2:00:00 PM,2.94510,SCE
4/25/2016 2:00:00 PM,3.34764,SDGE
4/25/2016 2:00:00 PM,3.51838,VEA
4/25/2016 3:00:00 PM,14.31335,PGAE
4/25/2016 3:00:00 PM,3.48202,SCE
4/25/2016 3:00:00 PM,4.76467,SDGE
4/25/2016 3:00:00 PM,3.98672,VEA
4/25/2016 4:00:00 PM,13.61058,PGAE
4/25/2016 4:00:00 PM,6.38649,SCE
4/25/2016 4:00:00 PM,6.74739,SDGE
4/25/2016 4:00:00 PM,6.43662,VEA
4/25/2016 5:00:00 PM,13.78021,PGAE
4/25/2016 5:00:00 PM,10.36893,SCE
4/25/2016 5:00:00 PM,10.72799,SDGE
4/25/2016 5:00:00 PM,10.13709,VEA
4/25/2016 6:00:00 PM,25.25620,PGAE
4/25/2016 6:00:00 PM,25.47000,SCE
4/25/2016 6:00:00 PM,26.32010,SDGE
4/25/2016 6:00:00 PM,24.80880,VEA
4/25/2016 7:00:00 PM,33.82975,PGAE
4/25/2016 7:00:00 PM,34.24080,SCE
4/25/2016 7:00:00 PM,35.56643,SDGE
4/25/2016 7:00:00 PM,33.65657,VEA
4/25/2016 8:00:00 PM,38.66327,PGAE
4/25/2016 8:00:00 PM,40.77000,SCE
4/25/2016 8:00:00 PM,42.61399,SDGE
4/25/2016 8:00:00 PM,37.76025,VEA
4/25/2016 9:00:00 PM,29.45881,PGAE
4/25/2016 9:00:00 PM,30.03791,SCE
4/25/2016 9:00:00 PM,31.02026,SDGE
4/25/2016 9:00:00 PM,29.26418,VEA
4/25/2016 10:00:00 PM,23.22168,PGAE
4/25/2016 10:00:00 PM,23.29275,SCE
4/25/2016 10:00:00 PM,23.88235,SDGE
4/25/2016 10:00:00 PM,22.56691,VEA
4/25/2016 11:00:00 PM,17.59278,PGAE
4/25/2016 11:00:00 PM,17.38491,SCE
4/25/2016 11:00:00 PM,17.68746,SDGE
4/25/2016 11:00:00 PM,16.88800,VEA
4/26/2016 12:00:00 AM,15.19438,PGAE
4/26/2016 12:00:00 AM,15.06743,SCE
4/26/2016 12:00:00 AM,15.37490,SDGE
4/26/2016 12:00:00 AM,14.55372,VEA
4/26/2016 1:00:00 AM,14.48453,PGAE
4/26/2016 1:00:00 AM,14.32858,SCE
4/26/2016 1:00:00 AM,14.58517,SDGE
4/26/2016 1:00:00 AM,13.84228,VEA
4/26/2016 2:00:00 AM,13.12901,PGAE
4/26/2016 2:00:00 AM,12.85713,SCE
4/26/2016 2:00:00 AM,13.08319,SDGE
4/26/2016 2:00:00 AM,12.63980,VEA
4/26/2016 3:00:00 AM,12.40000,PGAE
4/26/2016 3:00:00 AM,12.10688,SCE
4/26/2016 3:00:00 AM,12.33430,SDGE
4/26/2016 3:00:00 AM,11.91241,VEA
4/26/2016 4:00:00 AM,15.18342,PGAE
4/26/2016 4:00:00 AM,14.94670,SCE
4/26/2016 4:00:00 AM,15.21648,SDGE
4/26/2016 4:00:00 AM,14.67616,VEA
4/26/2016 5:00:00 AM,22.56089,PGAE
4/26/2016 5:00:00 AM,22.51242,SCE
4/26/2016 5:00:00 AM,23.03160,SDGE
4/26/2016 5:00:00 AM,22.07786,VEA
4/26/2016 6:00:00 AM,33.50000,PGAE
4/26/2016 6:00:00 AM,33.59050,SCE
4/26/2016 6:00:00 AM,34.77850,SDGE
4/26/2016 6:00:00 AM,32.95853,VEA
4/26/2016 7:00:00 AM,29.58027,PGAE
4/26/2016 7:00:00 AM,29.34710,SCE
4/26/2016 7:00:00 AM,30.11706,SDGE
4/26/2016 7:00:00 AM,28.54626,VEA
4/26/2016 8:00:00 AM,20.17705,PGAE
4/26/2016 8:00:00 AM,16.32571,SCE
4/26/2016 8:00:00 AM,16.87300,SDGE
4/26/2016 8:00:00 AM,15.98841,VEA
4/26/2016 9:00:00 AM,17.44360,PGAE
4/26/2016 9:00:00 AM,3.94014,SCE
4/26/2016 9:00:00 AM,5.04321,SDGE
4/26/2016 9:00:00 AM,4.64717,VEA
4/26/2016 10:00:00 AM,15.87532,PGAE
4/26/2016 10:00:00 AM,3.19868,SCE
4/26/2016 10:00:00 AM,8.63805,SDGE
4/26/2016 10:00:00 AM,3.87924,VEA
4/26/2016 11:00:00 AM,16.04749,PGAE
4/26/2016 11:00:00 AM,4.98000,SCE
4/26/2016 11:00:00 AM,11.72604,SDGE
4/26/2016 11:00:00 AM,5.57483,VEA
4/26/2016 12:00:00 PM,14.02203,PGAE
4/26/2016 12:00:00 PM,5.07242,SCE
4/26/2016 12:00:00 PM,11.08321,SDGE
4/26/2016 12:00:00 PM,5.52751,VEA
4/26/2016 1:00:00 PM,13.86000,PGAE
4/26/2016 1:00:00 PM,6.24368,SCE
4/26/2016 1:00:00 PM,13.61535,SDGE
4/26/2016 1:00:00 PM,6.57084,VEA
4/26/2016 2:00:00 PM,14.56746,PGAE
4/26/2016 2:00:00 PM,5.52600,SCE
4/26/2016 2:00:00 PM,10.73659,SDGE
4/26/2016 2:00:00 PM,5.98013,VEA
4/26/2016 3:00:00 PM,15.08353,PGAE
4/26/2016 3:00:00 PM,10.50009,SCE
4/26/2016 3:00:00 PM,14.30863,SDGE
4/26/2016 3:00:00 PM,10.49461,VEA
4/26/2016 4:00:00 PM,16.46427,PGAE
4/26/2016 4:00:00 PM,9.93000,SCE
4/26/2016 4:00:00 PM,10.27373,SDGE
4/26/2016 4:00:00 PM,10.13970,VEA
4/26/2016 5:00:00 PM,17.04667,PGAE
4/26/2016 5:00:00 PM,15.16000,SCE
4/26/2016 5:00:00 PM,15.51729,SDGE
4/26/2016 5:00:00 PM,14.99215,VEA
4/26/2016 6:00:00 PM,25.27917,PGAE
4/26/2016 6:00:00 PM,25.68830,SCE
4/26/2016 6:00:00 PM,26.42474,SDGE
4/26/2016 6:00:00 PM,25.25104,VEA
4/26/2016 7:00:00 PM,34.12314,PGAE
4/26/2016 7:00:00 PM,35.09312,SCE
4/26/2016 7:00:00 PM,36.26475,SDGE
4/26/2016 7:00:00 PM,34.35514,VEA
4/26/2016 8:00:00 PM,40.43717,PGAE
4/26/2016 8:00:00 PM,42.03382,SCE
4/26/2016 8:00:00 PM,43.48301,SDGE
4/26/2016 8:00:00 PM,40.31881,VEA
4/26/2016 9:00:00 PM,30.12315,PGAE
4/26/2016 9:00:00 PM,30.83309,SCE
4/26/2016 9:00:00 PM,31.74804,SDGE
4/26/2016 9:00:00 PM,30.12235,VEA
4/26/2016 10:00:00 PM,24.76470,PGAE
4/26/2016 10:00:00 PM,25.04568,SCE
4/26/2016 10:00:00 PM,25.75614,SDGE
4/26/2016 10:00:00 PM,24.36651,VEA
4/26/2016 11:00:00 PM,18.16105,PGAE
4/26/2016 11:00:00 PM,18.25412,SCE
4/26/2016 11:00:00 PM,18.68661,SDGE
4/26/2016 11:00:00 PM,17.77568,VEA
4/27/2016 12:00:00 AM,19.02824,PGAE
4/27/2016 12:00:00 AM,18.84048,SCE
4/27/2016 12:00:00 AM,19.03512,SDGE
4/27/2016 12:00:00 AM,18.58915,VEA
4/27/2016 1:00:00 AM,17.79096,PGAE
4/27/2016 1:00:00 AM,17.54546,SCE
4/27/2016 1:00:00 AM,17.72740,SDGE
4/27/2016 1:00:00 AM,17.31054,VEA
4/27/2016 2:00:00 AM,14.59279,PGAE
4/27/2016 2:00:00 AM,14.32820,SCE
4/27/2016 2:00:00 AM,14.47423,SDGE
4/27/2016 2:00:00 AM,14.17350,VEA
4/27/2016 3:00:00 AM,14.38731,PGAE
4/27/2016 3:00:00 AM,12.40398,SCE
4/27/2016 3:00:00 AM,12.60038,SDGE
4/27/2016 3:00:00 AM,12.40056,VEA
4/27/2016 4:00:00 AM,16.91204,PGAE
4/27/2016 4:00:00 AM,16.73868,SCE
4/27/2016 4:00:00 AM,16.89858,SDGE
4/27/2016 4:00:00 AM,16.55887,VEA
4/27/2016 5:00:00 AM,22.38112,PGAE
4/27/2016 5:00:00 AM,22.25826,SCE
4/27/2016 5:00:00 AM,22.48164,SDGE
4/27/2016 5:00:00 AM,21.88392,VEA
4/27/2016 6:00:00 AM,30.76332,PGAE
4/27/2016 6:00:00 AM,30.63730,SCE
4/27/2016 6:00:00 AM,31.01535,SDGE
4/27/2016 6:00:00 AM,30.05083,VEA
4/27/2016 7:00:00 AM,30.00000,PGAE
4/27/2016 7:00:00 AM,29.50404,SCE
4/27/2016 7:00:00 AM,29.90271,SDGE
4/27/2016 7:00:00 AM,28.95663,VEA
4/27/2016 8:00:00 AM,24.10621,PGAE
4/27/2016 8:00:00 AM,7.61223,SCE
4/27/2016 8:00:00 AM,8.50246,SDGE
4/27/2016 8:00:00 AM,8.45321,VEA
4/27/2016 9:00:00 AM,22.79773,PGAE
4/27/2016 9:00:00 AM,-0.63719,SCE
4/27/2016 9:00:00 AM,1.14889,SDGE
4/27/2016 9:00:00 AM,0.89756,VEA
4/27/2016 10:00:00 AM,25.06787,PGAE
4/27/2016 10:00:00 AM,-1.32057,SCE
4/27/2016 10:00:00 AM,0.18972,SDGE
4/27/2016 10:00:00 AM,0.45350,VEA
4/27/2016 11:00:00 AM,21.11254,PGAE
4/27/2016 11:00:00 AM,-0.78647,SCE
4/27/2016 11:00:00 AM,0.84461,SDGE
4/27/2016 11:00:00 AM,0.62665,VEA
4/27/2016 12:00:00 PM,19.73643,PGAE
4/27/2016 12:00:00 PM,-0.78593,SCE
4/27/2016 12:00:00 PM,0.11468,SDGE
4/27/2016 12:00:00 PM,0.55699,VEA
4/27/2016 1:00:00 PM,18.70412,PGAE
4/27/2016 1:00:00 PM,-0.47788,SCE
4/27/2016 1:00:00 PM,1.18132,SDGE
4/27/2016 1:00:00 PM,0.78886,VEA
4/27/2016 2:00:00 PM,16.33425,PGAE
4/27/2016 2:00:00 PM,0.37646,SCE
4/27/2016 2:00:00 PM,2.39570,SDGE
4/27/2016 2:00:00 PM,1.39355,VEA
4/27/2016 3:00:00 PM,18.75678,PGAE
4/27/2016 3:00:00 PM,1.16870,SCE
4/27/2016 3:00:00 PM,3.37870,SDGE
4/27/2016 3:00:00 PM,2.27487,VEA
4/27/2016 4:00:00 PM,16.01521,PGAE
4/27/2016 4:00:00 PM,5.52539,SCE
4/27/2016 4:00:00 PM,5.99674,SDGE
4/27/2016 4:00:00 PM,5.79842,VEA
4/27/2016 5:00:00 PM,19.93898,PGAE
4/27/2016 5:00:00 PM,9.50137,SCE
4/27/2016 5:00:00 PM,10.01412,SDGE
4/27/2016 5:00:00 PM,9.67492,VEA
4/27/2016 6:00:00 PM,25.46798,PGAE
4/27/2016 6:00:00 PM,25.16376,SCE
4/27/2016 6:00:00 PM,25.67332,SDGE
4/27/2016 6:00:00 PM,24.73101,VEA
4/27/2016 7:00:00 PM,34.90726,PGAE
4/27/2016 7:00:00 PM,35.17432,SCE
4/27/2016 7:00:00 PM,36.03523,SDGE
4/27/2016 7:00:00 PM,34.50969,VEA
4/27/2016 8:00:00 PM,42.31158,PGAE
4/27/2016 8:00:00 PM,42.72945,SCE
4/27/2016 8:00:00 PM,43.76987,SDGE
4/27/2016 8:00:00 PM,41.69797,VEA
4/27/2016 9:00:00 PM,31.66864,PGAE
4/27/2016 9:00:00 PM,31.93000,SCE
4/27/2016 9:00:00 PM,32.59614,SDGE
4/27/2016 9:00:00 PM,31.17873,VEA
4/27/2016 10:00:00 PM,25.07270,PGAE
4/27/2016 10:00:00 PM,24.91015,SCE
4/27/2016 10:00:00 PM,25.26025,SDGE
4/27/2016 10:00:00 PM,24.40190,VEA
4/27/2016 11:00:00 PM,20.39433,PGAE
4/27/2016 11:00:00 PM,20.23370,SCE
4/27/2016 11:00:00 PM,20.61596,SDGE
4/27/2016 11:00:00 PM,19.90738,VEA
4/28/2016 12:00:00 AM,15.54968,PGAE
4/28/2016 12:00:00 AM,15.20597,SCE
4/28/2016 12:00:00 AM,15.45346,SDGE
4/28/2016 12:00:00 AM,14.95387,VEA
4/28/2016 1:00:00 AM,15.16816,PGAE
4/28/2016 1:00:00 AM,14.77954,SCE
4/28/2016 1:00:00 AM,15.02788,SDGE
4/28/2016 1:00:00 AM,14.52027,VEA
4/28/2016 2:00:00 AM,13.89473,PGAE
4/28/2016 2:00:00 AM,12.29620,SCE
4/28/2016 2:00:00 AM,12.55140,SDGE
4/28/2016 2:00:00 AM,12.19328,VEA
4/28/2016 3:00:00 AM,13.29080,PGAE
4/28/2016 3:00:00 AM,11.55858,SCE
4/28/2016 3:00:00 AM,11.79347,SDGE
4/28/2016 3:00:00 AM,11.47632,VEA
4/28/2016 4:00:00 AM,15.48728,PGAE
4/28/2016 4:00:00 AM,15.10671,SCE
4/28/2016 4:00:00 AM,15.34065,SDGE
4/28/2016 4:00:00 AM,14.84190,VEA
4/28/2016 5:00:00 AM,24.00717,PGAE
4/28/2016 5:00:00 AM,23.80372,SCE
4/28/2016 5:00:00 AM,24.28003,SDGE
4/28/2016 5:00:00 AM,23.26798,VEA
4/28/2016 6:00:00 AM,30.54793,PGAE
4/28/2016 6:00:00 AM,30.20709,SCE
4/28/2016 6:00:00 AM,30.97703,SDGE
4/28/2016 6:00:00 AM,29.46318,VEA
4/28/2016 7:00:00 AM,30.93589,PGAE
4/28/2016 7:00:00 AM,30.03360,SCE
4/28/2016 7:00:00 AM,30.78923,SDGE
4/28/2016 7:00:00 AM,29.29665,VEA
4/28/2016 8:00:00 AM,25.29361,PGAE
4/28/2016 8:00:00 AM,9.27362,SCE
4/28/2016 8:00:00 AM,10.10346,SDGE
4/28/2016 8:00:00 AM,9.85097,VEA
4/28/2016 9:00:00 AM,23.00000,PGAE
4/28/2016 9:00:00 AM,0.58580,SCE
4/28/2016 9:00:00 AM,3.29988,SDGE
4/28/2016 9:00:00 AM,2.01225,VEA
4/28/2016 10:00:00 AM,21.85896,PGAE
4/28/2016 10:00:00 AM,-1.16646,SCE
4/28/2016 10:00:00 AM,2.73235,SDGE
4/28/2016 10:00:00 AM,0.33026,VEA
4/28/2016 11:00:00 AM,17.44613,PGAE
4/28/2016 11:00:00 AM,-0.51498,SCE
4/28/2016 11:00:00 AM,0.29182,SDGE
4/28/2016 11:00:00 AM,0.65858,VEA
4/28/2016 12:00:00 PM,17.37995,PGAE
4/28/2016 12:00:00 PM,-0.27301,SCE
4/28/2016 12:00:00 PM,0.78771,SDGE
4/28/2016 12:00:00 PM,0.86912,VEA
4/28/2016 1:00:00 PM,17.23333,PGAE
4/28/2016 1:00:00 PM,0.80379,SCE
4/28/2016 1:00:00 PM,1.51596,SDGE
4/28/2016 1:00:00 PM,1.82524,VEA
4/28/2016 2:00:00 PM,16.58107,PGAE
4/28/2016 2:00:00 PM,2.02000,SCE
4/28/2016 2:00:00 PM,2.74054,SDGE
4/28/2016 2:00:00 PM,2.83304,VEA
4/28/2016 3:00:00 PM,16.89588,PGAE
4/28/2016 3:00:00 PM,4.47000,SCE
4/28/2016 3:00:00 PM,5.15507,SDGE
4/28/2016 3:00:00 PM,5.13308,VEA
4/28/2016 4:00:00 PM,16.84162,PGAE
4/28/2016 4:00:00 PM,6.48371,SCE
4/28/2016 4:00:00 PM,7.08230,SDGE
4/28/2016 4:00:00 PM,6.93175,VEA
4/28/2016 5:00:00 PM,20.98778,PGAE
4/28/2016 5:00:00 PM,9.61000,SCE
4/28/2016 5:00:00 PM,10.20001,SDGE
4/28/2016 5:00:00 PM,10.03882,VEA
4/28/2016 6:00:00 PM,22.34434,PGAE
4/28/2016 6:00:00 PM,29.27886,SCE
4/28/2016 6:00:00 PM,30.04743,SDGE
4/28/2016 6:00:00 PM,28.22961,VEA
4/28/2016 7:00:00 PM,29.50279,PGAE
4/28/2016 7:00:00 PM,39.17120,SCE
4/28/2016 7:00:00 PM,40.46841,SDGE
4/28/2016 7:00:00 PM,37.74769,VEA
4/28/2016 8:00:00 PM,41.79406,PGAE
4/28/2016 8:00:00 PM,41.58877,SCE
4/28/2016 8:00:00 PM,42.97557,SDGE
4/28/2016 8:00:00 PM,40.48700,VEA
4/28/2016 9:00:00 PM,31.20210,PGAE
4/28/2016 9:00:00 PM,31.34402,SCE
4/28/2016 9:00:00 PM,32.34082,SDGE
4/28/2016 9:00:00 PM,30.56079,VEA
4/28/2016 10:00:00 PM,24.86506,PGAE
4/28/2016 10:00:00 PM,25.00000,SCE
4/28/2016 10:00:00 PM,25.57715,SDGE
4/28/2016 10:00:00 PM,24.43534,VEA
4/28/2016 11:00:00 PM,18.08715,PGAE
4/28/2016 11:00:00 PM,17.97517,SCE
4/28/2016 11:00:00 PM,18.30912,SDGE
4/28/2016 11:00:00 PM,17.64664,VEA
4/29/2016 12:00:00 AM,18.53379,PGAE
4/29/2016 12:00:00 AM,18.24247,SCE
4/29/2016 12:00:00 AM,18.52392,SDGE
4/29/2016 12:00:00 AM,17.93895,VEA
4/29/2016 1:00:00 AM,17.83580,PGAE
4/29/2016 1:00:00 AM,17.44000,SCE
4/29/2016 1:00:00 AM,17.66560,SDGE
4/29/2016 1:00:00 AM,17.15624,VEA
4/29/2016 2:00:00 AM,16.03565,PGAE
4/29/2016 2:00:00 AM,13.81034,SCE
4/29/2016 2:00:00 AM,14.05718,SDGE
4/29/2016 2:00:00 AM,13.73989,VEA
4/29/2016 3:00:00 AM,15.83814,PGAE
4/29/2016 3:00:00 AM,14.13000,SCE
4/29/2016 3:00:00 AM,14.35433,SDGE
4/29/2016 3:00:00 AM,14.02538,VEA
4/29/2016 4:00:00 AM,17.64263,PGAE
4/29/2016 4:00:00 AM,17.31358,SCE
4/29/2016 4:00:00 AM,17.56162,SDGE
4/29/2016 4:00:00 AM,17.05681,VEA
4/29/2016 5:00:00 AM,23.98812,PGAE
4/29/2016 5:00:00 AM,23.74599,SCE
4/29/2016 5:00:00 AM,24.15445,SDGE
4/29/2016 5:00:00 AM,23.32319,VEA
4/29/2016 6:00:00 AM,29.09886,PGAE
4/29/2016 6:00:00 AM,28.88000,SCE
4/29/2016 6:00:00 AM,29.55783,SDGE
4/29/2016 6:00:00 AM,28.29556,VEA
4/29/2016 7:00:00 AM,26.69041,PGAE
4/29/2016 7:00:00 AM,26.28473,SCE
4/29/2016 7:00:00 AM,26.81447,SDGE
4/29/2016 7:00:00 AM,25.62491,VEA
4/29/2016 8:00:00 AM,20.79138,PGAE
4/29/2016 8:00:00 AM,19.17775,SCE
4/29/2016 8:00:00 AM,19.54473,SDGE
4/29/2016 8:00:00 AM,18.71707,VEA
4/29/2016 9:00:00 AM,18.88380,PGAE
4/29/2016 9:00:00 AM,2.51000,SCE
4/29/2016 9:00:00 AM,3.59039,SDGE
4/29/2016 9:00:00 AM,3.51616,VEA
4/29/2016 10:00:00 AM,20.96127,PGAE
4/29/2016 10:00:00 AM,-0.59770,SCE
4/29/2016 10:00:00 AM,0.51810,SDGE
4/29/2016 10:00:00 AM,0.85936,VEA
4/29/2016 11:00:00 AM,20.50742,PGAE
4/29/2016 11:00:00 AM,-0.66984,SCE
4/29/2016 11:00:00 AM,0.18150,SDGE
4/29/2016 11:00:00 AM,0.77278,VEA
4/29/2016 12:00:00 PM,21.00240,PGAE
4/29/2016 12:00:00 PM,-1.41087,SCE
4/29/2016 12:00:00 PM,0.06296,SDGE
4/29/2016 12:00:00 PM,0.10365,VEA
4/29/2016 1:00:00 PM,19.13570,PGAE
4/29/2016 1:00:00 PM,-0.97837,SCE
4/29/2016 1:00:00 PM,0.23257,SDGE
4/29/2016 1:00:00 PM,0.36514,VEA
4/29/2016 2:00:00 PM,17.94445,PGAE
4/29/2016 2:00:00 PM,-0.96683,SCE
4/29/2016 2:00:00 PM,-0.14828,SDGE
4/29/2016 2:00:00 PM,0.30563,VEA
4/29/2016 3:00:00 PM,18.50000,PGAE
4/29/2016 3:00:00 PM,0.08519,SCE
4/29/2016 3:00:00 PM,0.87584,SDGE
4/29/2016 3:00:00 PM,1.31347,VEA
4/29/2016 4:00:00 PM,18.10682,PGAE
4/29/2016 4:00:00 PM,3.44147,SCE
4/29/2016 4:00:00 PM,4.09187,SDGE
4/29/2016 4:00:00 PM,4.24526,VEA
4/29/2016 5:00:00 PM,18.40043,PGAE
4/29/2016 5:00:00 PM,6.81746,SCE
4/29/2016 5:00:00 PM,7.31108,SDGE
4/29/2016 5:00:00 PM,7.32497,VEA
4/29/2016 6:00:00 PM,23.54976,PGAE
4/29/2016 6:00:00 PM,23.24280,SCE
4/29/2016 6:00:00 PM,23.77112,SDGE
4/29/2016 6:00:00 PM,22.58455,VEA
4/29/2016 7:00:00 PM,30.87867,PGAE
4/29/2016 7:00:00 PM,31.17000,SCE
4/29/2016 7:00:00 PM,32.13742,SDGE
4/29/2016 7:00:00 PM,30.38047,VEA
4/29/2016 8:00:00 PM,37.83320,PGAE
4/29/2016 8:00:00 PM,38.34844,SCE
4/29/2016 8:00:00 PM,39.48318,SDGE
4/29/2016 8:00:00 PM,37.20919,VEA
4/29/2016 9:00:00 PM,30.46539,PGAE
4/29/2016 9:00:00 PM,30.98000,SCE
4/29/2016 9:00:00 PM,31.85688,SDGE
4/29/2016 9:00:00 PM,30.12952,VEA
4/29/2016 10:00:00 PM,26.65538,PGAE
4/29/2016 10:00:00 PM,26.77000,SCE
4/29/2016 10:00:00 PM,27.31307,SDGE
4/29/2016 10:00:00 PM,26.11062,VEA
4/29/2016 11:00:00 PM,23.04524,PGAE
4/29/2016 11:00:00 PM,22.91545,SCE
4/29/2016 11:00:00 PM,23.33874,SDGE
4/29/2016 11:00:00 PM,22.48755,VEA
4/30/2016 12:00:00 AM,20.37118,PGAE
4/30/2016 12:00:00 AM,20.27746,SCE
4/30/2016 12:00:00 AM,20.61325,SDGE
4/30/2016 12:00:00 AM,19.94778,VEA
4/30/2016 1:00:00 AM,19.48513,PGAE
4/30/2016 1:00:00 AM,19.37064,SCE
4/30/2016 1:00:00 AM,19.71069,SDGE
4/30/2016 1:00:00 AM,19.08307,VEA
4/30/2016 2:00:00 AM,19.52130,PGAE
4/30/2016 2:00:00 AM,19.19590,SCE
4/30/2016 2:00:00 AM,19.52119,SDGE
4/30/2016 2:00:00 AM,18.92870,VEA
4/30/2016 3:00:00 AM,19.06879,PGAE
4/30/2016 3:00:00 AM,18.75102,SCE
4/30/2016 3:00:00 AM,19.05620,SDGE
4/30/2016 3:00:00 AM,18.49375,VEA
4/30/2016 4:00:00 AM,19.29044,PGAE
4/30/2016 4:00:00 AM,18.95029,SCE
4/30/2016 4:00:00 AM,19.24927,SDGE
4/30/2016 4:00:00 AM,18.68260,VEA
4/30/2016 5:00:00 AM,22.55086,PGAE
4/30/2016 5:00:00 AM,22.40916,SCE
4/30/2016 5:00:00 AM,22.77798,SDGE
4/30/2016 5:00:00 AM,22.06449,VEA
4/30/2016 6:00:00 AM,20.02592,PGAE
4/30/2016 6:00:00 AM,19.83225,SCE
4/30/2016 6:00:00 AM,20.18639,SDGE
4/30/2016 6:00:00 AM,19.54376,VEA
4/30/2016 7:00:00 AM,18.75515,PGAE
4/30/2016 7:00:00 AM,18.35292,SCE
4/30/2016 7:00:00 AM,18.61019,SDGE
4/30/2016 7:00:00 AM,18.03643,VEA
4/30/2016 8:00:00 AM,13.79726,PGAE
4/30/2016 8:00:00 AM,5.40246,SCE
4/30/2016 8:00:00 AM,5.80027,SDGE
4/30/2016 8:00:00 AM,5.86622,VEA
4/30/2016 9:00:00 AM,15.10925,PGAE
4/30/2016 9:00:00 AM,-0.82170,SCE
4/30/2016 9:00:00 AM,-0.25058,SDGE
4/30/2016 9:00:00 AM,0.26507,VEA
4/30/2016 10:00:00 AM,15.69793,PGAE
4/30/2016 10:00:00 AM,-6.06059,SCE
4/30/2016 10:00:00 AM,-5.34882,SDGE
4/30/2016 10:00:00 AM,-4.44326,VEA
4/30/2016 11:00:00 AM,5.41241,PGAE
4/30/2016 11:00:00 AM,5.12783,SCE
4/30/2016 11:00:00 AM,5.17728,SDGE
4/30/2016 11:00:00 AM,5.01683,VEA
4/30/2016 12:00:00 PM,5.66268,PGAE
4/30/2016 12:00:00 PM,5.37677,SCE
4/30/2016 12:00:00 PM,5.41533,SDGE
4/30/2016 12:00:00 PM,5.25832,VEA
4/30/2016 1:00:00 PM,5.69821,PGAE
4/30/2016 1:00:00 PM,5.40734,SCE
4/30/2016 1:00:00 PM,5.43671,SDGE
4/30/2016 1:00:00 PM,5.28989,VEA
4/30/2016 2:00:00 PM,7.05866,PGAE
4/30/2016 2:00:00 PM,6.73587,SCE
4/30/2016 2:00:00 PM,6.76753,SDGE
4/30/2016 2:00:00 PM,6.57757,VEA
4/30/2016 3:00:00 PM,13.66063,PGAE
4/30/2016 3:00:00 PM,13.10346,SCE
4/30/2016 3:00:00 PM,13.15557,SDGE
4/30/2016 3:00:00 PM,12.80016,VEA
4/30/2016 4:00:00 PM,15.32922,PGAE
4/30/2016 4:00:00 PM,14.79196,SCE
4/30/2016 4:00:00 PM,14.89580,SDGE
4/30/2016 4:00:00 PM,14.47442,VEA
4/30/2016 5:00:00 PM,19.81004,PGAE
4/30/2016 5:00:00 PM,19.07902,SCE
4/30/2016 5:00:00 PM,19.35505,SDGE
4/30/2016 5:00:00 PM,18.72563,VEA
4/30/2016 6:00:00 PM,26.67121,PGAE
4/30/2016 6:00:00 PM,26.20753,SCE
4/30/2016 6:00:00 PM,26.86733,SDGE
4/30/2016 6:00:00 PM,25.72073,VEA
4/30/2016 7:00:00 PM,33.81905,PGAE
4/30/2016 7:00:00 PM,33.57550,SCE
4/30/2016 7:00:00 PM,34.60795,SDGE
4/30/2016 7:00:00 PM,32.96768,VEA
4/30/2016 8:00:00 PM,41.80443,PGAE
4/30/2016 8:00:00 PM,41.96829,SCE
4/30/2016 8:00:00 PM,43.22033,SDGE
4/30/2016 8:00:00 PM,41.02962,VEA
4/30/2016 9:00:00 PM,35.00000,PGAE
4/30/2016 9:00:00 PM,35.65576,SCE
4/30/2016 9:00:00 PM,36.68726,SDGE
4/30/2016 9:00:00 PM,34.87239,VEA
4/30/2016 10:00:00 PM,30.11086,PGAE
4/30/2016 10:00:00 PM,30.25445,SCE
4/30/2016 10:00:00 PM,30.91773,SDGE
4/30/2016 10:00:00 PM,29.63661,VEA
4/30/2016 11:00:00 PM,28.70000,PGAE
4/30/2016 11:00:00 PM,29.31587,SCE
4/30/2016 11:00:00 PM,29.56978,SDGE
4/30/2016 11:00:00 PM,28.35417,VEA
